,LesionWise_Dice_ET,LesionWise_Dice_TC,LesionWise_Dice_WT,LesionWise_Hausdorff95_ET,LesionWise_Hausdorff95_TC,LesionWise_Hausdorff95_WT,Num_TP_ET,Num_TP_TC,Num_TP_WT,Num_FP_ET,Num_FP_TC,Num_FP_WT,Num_FN_ET,Num_FN_TC,Num_FN_WT
BraTS-GLI-00001-000,0.8274912976604873,0.9101884846211553,0.9633244756762841,11.180339887498949,12.884098726725126,1.4142135623730951,1.0,1.0,1.0,0.0,0.0,0.0,0.0,0.0,0.0
BraTS-GLI-00001-001,0.971573494236571,0.9859496964440589,0.49031647116324534,1.0,1.0,187.5,1.0,1.0,1.0,0.0,0.0,0.0,0.0,0.0,1.0
BraTS-GLI-00013-000,0.8330917796601072,0.9157466095393223,0.8933517265930936,3.0,3.0,8.366600265340756,1.0,1.0,1.0,0.0,0.0,0.0,0.0,0.0,0.0
BraTS-GLI-00013-001,0.9651477977650877,0.9733440724120738,0.9363834127282475,1.0,1.0,5.385164807134504,1.0,1.0,1.0,0.0,0.0,0.0,0.0,0.0,0.0
BraTS-GLI-00015-000,0.9222657618911083,0.9589794604716484,0.970017166533762,1.0,1.4142135623730951,1.0,1.0,1.0,1.0,0.0,0.0,0.0,0.0,0.0,0.0
BraTS-GLI-00015-001,0.9558887512968974,0.9863770029406469,0.9860787452633285,1.0,1.0,1.0,1.0,1.0,1.0,0.0,0.0,0.0,0.0,0.0,0.0
BraTS-GLI-00027-000,0.3947327002780547,0.9255233553257165,0.910962584805535,188.0,2.449489742783178,4.0,1.0,1.0,1.0,1.0,0.0,0.0,0.0,0.0,0.0
BraTS-GLI-00037-000,0.8514244500540931,0.9746085484553534,0.9554432306103593,2.0,1.0,2.0,1.0,1.0,1.0,0.0,0.0,0.0,0.0,0.0,0.0
BraTS-GLI-00047-000,0.943066383179778,0.9528763769889841,0.9726135867190913,1.0,1.0,1.0,1.0,1.0,1.0,0.0,0.0,0.0,0.0,0.0,0.0
BraTS-GLI-00079-000,0.42131857555341673,0.42607463391591877,0.9576175837415948,191.9749371855331,192.02493781056046,4.47213595499958,1.0,1.0,1.0,1.0,1.0,0.0,0.0,0.0,0.0
BraTS-GLI-00080-000,0.9590247683472501,0.9875374576413588,0.8211030907722751,1.0,0.0,11.40175425099138,1.0,1.0,1.0,0.0,0.0,0.0,0.0,0.0,0.0
BraTS-GLI-00080-001,0.9770309386865156,0.9863571428571428,0.9814505723451353,1.0,0.0,1.0,1.0,1.0,1.0,0.0,0.0,0.0,0.0,0.0,0.0
BraTS-GLI-00082-000,0.8865895992720164,0.9754603858063078,0.976005042301106,1.4142135623730951,1.0,1.0,1.0,1.0,1.0,0.0,0.0,0.0,0.0,0.0,0.0
BraTS-GLI-00091-000,0.8798786695779595,0.939113100748546,0.9423141672784275,1.8251407699364424,1.8251407699364424,3.7416573867739413,2.0,2.0,1.0,0.0,0.0,0.0,0.0,0.0,0.0
BraTS-GLI-00114-000,0.7575319740996415,0.9323974879940894,0.9213647838006569,2.0,2.0,7.874007874011811,1.0,1.0,1.0,0.0,0.0,0.0,0.0,0.0,0.0
BraTS-GLI-00119-000,0.9413506239295326,0.9285403229119592,0.48229258660210167,1.0,2.23606797749979,187.70710678118655,1.0,1.0,1.0,0.0,0.0,1.0,0.0,0.0,0.0
BraTS-GLI-00125-000,0.8842369838420108,0.8552047457538337,0.9059733051407427,2.449489742783178,4.123105625617661,8.06225774829855,1.0,1.0,1.0,0.0,0.0,0.0,0.0,0.0,0.0
BraTS-GLI-00129-000,0.9261557555072913,0.9499843374752011,0.49057057937039517,1.0,1.0,187.5,1.0,1.0,1.0,0.0,0.0,1.0,0.0,0.0,0.0
BraTS-GLI-00135-000,0.8160217511408789,0.8316658921784017,0.9243816849949138,1.8251407699364424,1.618033988749895,2.23606797749979,2.0,2.0,1.0,0.0,0.0,0.0,0.0,0.0,0.0
BraTS-GLI-00141-000,0.8676929084375133,0.9123718947282119,0.9141903171953255,5.196152422706632,6.557438524302,6.164414002968976,1.0,1.0,1.0,0.0,0.0,0.0,0.0,0.0,0.0
BraTS-GLI-00145-000,0.5341134006364668,0.5442653691586705,0.8501894025831774,127.0,127.2070775948781,7.280109889280518,2.0,2.0,1.0,1.0,1.0,0.0,0.0,0.0,0.0
BraTS-GLI-00153-000,0.9788164263779733,0.9906232225562688,0.9858561621009132,0.0,0.0,1.0,1.0,1.0,1.0,0.0,0.0,0.0,0.0,0.0,0.0
BraTS-GLI-00161-000,0.9740362992072326,0.9761035987694069,0.9712205920978575,1.4142135623730951,1.7320508075688772,1.0,1.0,1.0,1.0,0.0,0.0,0.0,0.0,0.0,0.0
BraTS-GLI-00163-000,0.0,0.8442230524422305,0.94586386176839,374.0,3.0,3.7416573867739413,0.0,1.0,1.0,5.0,0.0,0.0,0.0,0.0,0.0
BraTS-GLI-00174-000,0.9701560818083961,0.9796573011019443,0.9868989996773153,1.0,1.0,1.0,1.0,1.0,1.0,0.0,0.0,0.0,0.0,0.0,0.0
BraTS-GLI-00181-000,0.9495506535947712,0.9638934203371398,0.46059264943385114,1.0,1.0,200.23820229487373,1.0,1.0,1.0,0.0,0.0,1.0,0.0,0.0,0.0
BraTS-GLI-00182-000,0.9641620851150479,0.9774481549406477,0.988603138612089,1.0,1.4142135623730951,1.0,1.0,1.0,1.0,0.0,0.0,0.0,0.0,0.0,0.0
BraTS-GLI-00190-000,0.9761129044366038,0.990827871962151,0.9917412036027051,0.0,1.0,0.0,1.0,1.0,1.0,0.0,0.0,0.0,0.0,0.0,0.0
BraTS-GLI-00200-000,0.9636268708666899,0.9779429835340379,0.9765279808150326,2.0,6.164414002968976,1.4142135623730951,1.0,1.0,1.0,0.0,0.0,0.0,0.0,0.0,0.0
BraTS-GLI-00208-000,0.9618531114992187,0.9850203327171904,0.9687115843034132,0.0,1.0,1.4142135623730951,1.0,1.0,1.0,0.0,0.0,0.0,0.0,0.0,0.0
BraTS-GLI-00213-000,0.896551724137931,0.8956186721619926,0.8823377828170902,3.0,3.3166247903554,3.0,1.0,1.0,1.0,0.0,0.0,0.0,0.0,0.0,0.0
BraTS-GLI-00229-000,0.9082806735580962,0.9223028870504811,0.8948402759045894,2.0,2.0,3.7416573867739413,1.0,1.0,1.0,0.0,0.0,0.0,0.0,0.0,0.0
BraTS-GLI-00252-000,1.0,1.0,0.8806651059487364,0.0,0.0,2.23606797749979,0.0,0.0,1.0,0.0,0.0,0.0,0.0,0.0,0.0
BraTS-GLI-00256-000,0.9635768811341331,0.9861236258785366,0.984587803255935,0.0,0.0,1.0,1.0,1.0,1.0,0.0,0.0,0.0,0.0,0.0,0.0
BraTS-GLI-00264-000,0.9048025851502433,0.9442225351303198,0.989420907495613,1.4142135623730951,1.7320508075688772,1.0,1.0,1.0,1.0,0.0,0.0,0.0,0.0,0.0,0.0
BraTS-GLI-00287-000,0.8032548293199259,0.8541299459065216,0.9472618703322502,3.0,3.0,4.47213595499958,1.0,1.0,1.0,0.0,0.0,0.0,0.0,0.0,0.0
BraTS-GLI-00307-000,0.9426399447131997,0.9727295471603703,0.8933414007558249,1.0,1.0,8.94427190999916,1.0,1.0,1.0,0.0,0.0,0.0,0.0,0.0,0.0
BraTS-GLI-00323-000,0.9735835940215503,0.9819517648937869,0.45909210295920155,0.0,0.0,188.802775637732,1.0,1.0,1.0,0.0,0.0,1.0,0.0,0.0,0.0
BraTS-GLI-00333-000,0.7586948242988024,0.7856709814845158,0.9255048763668604,1.618033988749895,1.618033988749895,4.123105625617661,2.0,2.0,1.0,0.0,0.0,0.0,0.0,0.0,0.0
BraTS-GLI-00335-000,0.9688921253847936,0.9892555139046291,0.9851583901102761,1.0,1.0,1.0,1.0,1.0,1.0,0.0,0.0,0.0,0.0,0.0,0.0
BraTS-GLI-00337-000,0.880553240097558,0.9467368575901817,0.9305132846448577,1.0,2.23606797749979,3.605551275463989,1.0,1.0,1.0,0.0,0.0,0.0,0.0,0.0,0.0
BraTS-GLI-00355-000,0.9804808578369775,0.9908598510494245,0.9845558220763372,0.0,0.0,0.0,1.0,1.0,1.0,0.0,0.0,0.0,0.0,0.0,0.0
BraTS-GLI-00372-000,0.9816320385426076,0.9846892655367232,0.9794813357817342,0.0,1.0,1.0,1.0,1.0,1.0,0.0,0.0,0.0,0.0,0.0,0.0
BraTS-GLI-00381-000,0.9172741679873218,0.9407808705398841,0.9677357800499309,2.449489742783178,4.123105625617661,1.0,1.0,1.0,1.0,0.0,0.0,0.0,0.0,0.0,0.0
BraTS-GLI-00384-000,0.8526270824434002,0.9411989126806237,0.9309670060588303,1.0,1.0,4.58257569495584,1.0,1.0,1.0,0.0,0.0,0.0,0.0,0.0,0.0
BraTS-GLI-00422-000,0.9268327605956472,0.9306866030763943,0.9685062272042442,1.0,5.0990195135927845,2.0,1.0,1.0,1.0,0.0,0.0,0.0,0.0,0.0,0.0
BraTS-GLI-00428-000,0.48319372660844767,0.4930935875853653,0.9836124530327429,187.5,187.5,1.0,1.0,1.0,1.0,1.0,1.0,0.0,0.0,0.0,0.0
BraTS-GLI-00434-000,0.9386723114011878,0.9324786883816252,0.9509709293765439,1.0,1.4142135623730951,1.4142135623730951,1.0,1.0,1.0,0.0,0.0,0.0,0.0,0.0,0.0
BraTS-GLI-00438-000,0.9644444444444444,0.9644444444444444,0.9734188817598534,0.0,0.0,1.0,1.0,1.0,1.0,0.0,0.0,0.0,0.0,0.0,0.0
BraTS-GLI-00447-000,0.9600881456996565,0.981113896496659,0.9835404354030508,1.0,1.0,1.0,1.0,1.0,1.0,0.0,0.0,0.0,0.0,0.0,0.0
BraTS-GLI-00450-000,0.9016518600777346,0.9594303322529657,0.9864327684578047,1.4142135623730951,2.0,1.0,1.0,1.0,1.0,0.0,0.0,0.0,0.0,0.0,0.0
BraTS-GLI-00458-000,0.969009393458406,0.9820284808158697,0.9842137524242089,1.0,1.0,1.0,1.0,1.0,1.0,0.0,0.0,0.0,0.0,0.0,0.0
BraTS-GLI-00460-000,0.9499185886310365,0.9774727657728908,0.4816825267687848,1.0,1.0,189.82842712474618,1.0,1.0,1.0,0.0,0.0,0.0,0.0,0.0,1.0
BraTS-GLI-00462-000,0.8937595979338266,0.9481633021450705,0.9430996041315921,1.0,2.23606797749979,3.1622776601683795,1.0,1.0,1.0,0.0,0.0,0.0,0.0,0.0,0.0
BraTS-GLI-00462-001,0.9454756380510441,0.9509521061742643,0.954644376298348,1.0,1.0,1.4142135623730951,1.0,1.0,1.0,0.0,0.0,0.0,0.0,0.0,0.0
BraTS-GLI-00463-000,0.947501911564499,0.9741889882765848,0.480980757081633,1.0,1.0,188.0,1.0,1.0,1.0,0.0,0.0,1.0,0.0,0.0,0.0
BraTS-GLI-00467-000,0.8355235855581685,0.950307921002336,0.8947774750227067,1.7320508075688772,1.0,7.280109889280518,1.0,1.0,1.0,0.0,0.0,0.0,0.0,0.0,0.0
BraTS-GLI-00467-001,0.9054800339847069,0.9438883671004964,0.9872976240882444,1.4142135623730951,1.4142135623730951,1.0,1.0,1.0,1.0,0.0,0.0,0.0,0.0,0.0,0.0
BraTS-GLI-00474-000,0.6295096832696419,0.6182634730538922,0.9765838052323134,7.3484692283495345,8.06225774829855,1.0,1.0,1.0,1.0,0.0,0.0,0.0,0.0,0.0,0.0
BraTS-GLI-00474-001,0.8834823941459754,0.910192816917167,0.9765751175693292,2.0,2.449489742783178,2.23606797749979,1.0,1.0,1.0,0.0,0.0,0.0,0.0,0.0,0.0
BraTS-GLI-00489-000,0.9171297414834501,0.950350550865646,0.9624768499879217,1.0,1.0,1.4142135623730951,1.0,1.0,1.0,0.0,0.0,0.0,0.0,0.0,0.0
BraTS-GLI-00492-000,0.4731196909748917,0.9778792512977362,0.9531738630533053,187.5,1.0,1.7320508075688772,1.0,1.0,1.0,1.0,0.0,0.0,0.0,0.0,0.0
BraTS-GLI-00503-000,0.8890670943597968,0.926231228080693,0.891274148252531,1.7320508075688772,2.23606797749979,4.0,1.0,1.0,1.0,0.0,0.0,0.0,0.0,0.0,0.0
BraTS-GLI-00503-001,0.11944328073360332,0.11935872486331202,0.9355178431726545,189.80901699437496,189.80901699437496,2.23606797749979,2.0,2.0,1.0,2.0,2.0,0.0,0.0,0.0,0.0
BraTS-GLI-00521-000,0.17023325486839289,0.16958004689831593,0.904168190311124,282.17705098312484,282.1955824957813,4.58257569495584,1.0,1.0,1.0,3.0,3.0,0.0,0.0,0.0,0.0
BraTS-GLI-00521-001,0.1370742400154165,0.0154800081925588,0.8564739177976458,282.60810085197846,235.21630220945022,39.87480407475377,2.0,2.0,1.0,6.0,3.0,0.0,0.0,0.0,0.0
BraTS-GLI-00535-000,0.9346811819595645,0.9507939277612982,0.8717064565822977,1.0,1.0,5.477225575051661,1.0,1.0,1.0,0.0,0.0,0.0,0.0,0.0,0.0
BraTS-GLI-00535-001,0.948736367792072,0.9668257756563245,0.9676046346654056,1.0,1.0,2.0,1.0,1.0,1.0,0.0,0.0,0.0,0.0,0.0,0.0
BraTS-GLI-00553-000,0.9426149040606872,0.9696739474517252,0.9589580024646286,1.0,1.0,1.4142135623730951,1.0,1.0,1.0,0.0,0.0,0.0,0.0,0.0,0.0
BraTS-GLI-00553-001,0.29726053198836405,0.4697476794352203,0.9771110177427372,250.43887493011846,188.4142135623731,1.0,1.0,1.0,1.0,2.0,1.0,0.0,0.0,0.0,0.0
BraTS-GLI-00560-000,0.8594275450840851,0.9203777174793382,0.6339179979890515,1.3660254037844386,1.618033988749895,11.575836902790225,2.0,2.0,1.0,0.0,0.0,0.0,0.0,0.0,0.0
BraTS-GLI-00560-001,0.9411820019747049,0.9674985744988815,0.9744252331247671,1.4142135623730951,1.0,1.0,1.0,1.0,1.0,0.0,0.0,0.0,0.0,0.0,0.0
BraTS-GLI-00573-000,0.9256189273755283,0.9680380708090047,0.9712212400813944,1.0,1.0,1.0,1.0,1.0,1.0,0.0,0.0,0.0,0.0,0.0,0.0
BraTS-GLI-00585-000,0.9544538356001965,0.9770393877170058,0.9782989660611017,1.0,1.0,1.0,1.0,1.0,1.0,0.0,0.0,0.0,0.0,0.0,0.0
BraTS-GLI-00592-000,0.9425517085009364,0.9729573301500188,0.9704695410866901,1.0,1.4142135623730951,1.4142135623730951,1.0,1.0,1.0,0.0,0.0,0.0,0.0,0.0,0.0
BraTS-GLI-00595-000,0.9447749809305873,0.9629091899004106,0.32270631877939376,1.0,2.23606797749979,249.66666666666666,1.0,1.0,1.0,0.0,0.0,2.0,0.0,0.0,0.0
BraTS-GLI-00603-000,0.5710548687341969,0.5734489274636151,0.9774575581986378,125.33333333333333,125.33333333333333,1.0,2.0,2.0,1.0,1.0,1.0,0.0,0.0,0.0,0.0
BraTS-GLI-00644-000,0.9677103452027964,0.9846256816079056,0.9602547228549135,1.0,1.0,2.23606797749979,1.0,1.0,1.0,0.0,0.0,0.0,0.0,0.0,0.0
BraTS-GLI-00647-000,0.9338338808071328,0.9803788521345773,0.9643954750539463,1.0,1.0,1.0,1.0,1.0,1.0,0.0,0.0,0.0,0.0,0.0,0.0
BraTS-GLI-00647-001,0.9704659345345986,0.992353355468357,0.9910254966017048,0.0,0.0,0.0,1.0,1.0,1.0,0.0,0.0,0.0,0.0,0.0,0.0
BraTS-GLI-00662-000,0.4851743238840013,0.49417207936649166,0.9763684703747206,187.5,187.5,2.0,1.0,1.0,1.0,1.0,1.0,0.0,0.0,0.0,0.0
BraTS-GLI-00671-000,0.9169180029075444,0.9211192680072348,0.9780650850358882,3.0,2.23606797749979,1.0,1.0,1.0,1.0,0.0,0.0,0.0,0.0,0.0,0.0
BraTS-GLI-00681-000,0.9680274366633477,0.9795839380745041,0.976452244832687,1.0,1.0,1.0,1.0,1.0,1.0,0.0,0.0,0.0,0.0,0.0,0.0
BraTS-GLI-00699-000,0.43894887472355926,0.4585410895660203,0.9092521370549611,188.1180339887499,188.6583123951777,1.9318516525781364,1.0,1.0,2.0,1.0,1.0,0.0,0.0,0.0,0.0
BraTS-GLI-00699-001,0.9573335822985716,0.9730569393111576,0.4903137088974855,1.0,1.0,187.5,1.0,1.0,1.0,0.0,0.0,0.0,0.0,0.0,1.0
BraTS-GLI-00702-000,0.8978642419116092,0.9652922186096208,0.30890822794352674,1.0,2.0,250.535183758488,1.0,1.0,1.0,0.0,0.0,2.0,0.0,0.0,0.0
BraTS-GLI-00702-001,0.9673005842375104,0.9845825368057797,0.4838421363860012,1.0,1.0,188.0,1.0,1.0,1.0,0.0,0.0,1.0,0.0,0.0,0.0
BraTS-GLI-00712-000,0.9340179492243215,0.989305628762449,0.9698632231918412,1.0,1.0,1.0,1.0,1.0,1.0,0.0,0.0,0.0,0.0,0.0,0.0
BraTS-GLI-00712-001,0.9751100519643862,0.9905284516113133,0.9806412392960832,0.0,1.0,1.0,1.0,1.0,1.0,0.0,0.0,0.0,0.0,0.0,0.0
BraTS-GLI-00719-000,0.946798220158638,0.9531192321889996,0.41670340327984484,3.3166247903554,3.7416573867739413,190.53553390593274,1.0,1.0,1.0,0.0,0.0,1.0,0.0,0.0,0.0
BraTS-GLI-00719-001,0.81353591160221,0.81353591160221,0.12912999290494545,5.477225575051661,5.477225575051661,207.2607995893548,1.0,1.0,1.0,0.0,0.0,1.0,0.0,0.0,0.0
BraTS-GLI-00721-000,0.9540864714086471,0.9733741162312591,0.9674424058932017,1.0,1.0,1.0,1.0,1.0,1.0,0.0,0.0,0.0,0.0,0.0,0.0
BraTS-GLI-00721-001,0.9688277476950096,0.978021978021978,0.9484510742240009,1.0,0.0,10.677078252031311,1.0,1.0,1.0,0.0,0.0,0.0,0.0,0.0,0.0
BraTS-GLI-00749-000,0.9437083083410582,0.9759504485262708,0.9681460641386335,1.0,1.0,1.0,1.0,1.0,1.0,0.0,0.0,0.0,0.0,0.0,0.0
BraTS-GLI-00762-000,0.8496422289306069,0.8577291127972533,0.4445937799563194,1.0,1.0,188.802775637732,2.0,2.0,1.0,0.0,0.0,1.0,0.0,0.0,0.0
BraTS-GLI-00762-001,1.0,0.0,0.4133862345339675,0.0,374.0,207.48169914826406,0.0,0.0,1.0,0.0,1.0,0.0,0.0,0.0,1.0
BraTS-GLI-00769-000,0.9452580195258019,0.9598182815070102,0.9047595364798329,1.0,1.0,3.0,1.0,1.0,1.0,0.0,0.0,0.0,0.0,0.0,0.0
BraTS-GLI-00779-000,0.9844168584688526,0.9923180904025585,0.9708822159163102,0.0,0.0,1.0,1.0,1.0,1.0,0.0,0.0,0.0,0.0,0.0,0.0
BraTS-GLI-00779-001,0.9871197588380378,0.9929020482660718,0.9734276678295458,0.0,0.0,1.0,1.0,1.0,1.0,0.0,0.0,0.0,0.0,0.0,0.0
BraTS-GLI-00821-000,0.9012801134694872,0.9232525671637896,0.974749086613348,5.0990195135927845,5.830951894845301,2.23606797749979,1.0,1.0,1.0,0.0,0.0,0.0,0.0,0.0,0.0
BraTS-GLI-00822-000,0.9799514592808631,0.9854532585818324,0.987171901256775,1.0,1.0,1.0,1.0,1.0,1.0,0.0,0.0,0.0,0.0,0.0,0.0
BraTS-GLI-00825-000,0.4851865899656531,0.4936317987704726,0.9821968199513545,187.5,187.5,1.0,1.0,1.0,1.0,1.0,1.0,0.0,0.0,0.0,0.0
BraTS-GLI-00826-000,0.9653133234426018,0.9895779357366724,0.9354379941871271,1.2071067811865475,0.5,1.3660254037844386,2.0,2.0,2.0,0.0,0.0,0.0,0.0,0.0,0.0
BraTS-GLI-00829-000,0.8508173029004286,0.9636708751253124,0.99229096918683,3.0,2.0,1.0,1.0,1.0,1.0,0.0,0.0,0.0,0.0,0.0,0.0
BraTS-GLI-00833-000,0.8702517503351705,0.43194617539848384,0.9017527920189261,2.23606797749979,189.87228132326902,5.830951894845301,1.0,1.0,1.0,0.0,0.0,0.0,0.0,1.0,0.0
BraTS-GLI-00997-000,0.8409968170363791,0.894428382351751,0.44093509765983296,1.4142135623730951,2.3660254037844384,193.28490254498826,2.0,2.0,1.0,0.0,0.0,1.0,0.0,0.0,0.0
BraTS-GLI-01006-000,0.8631204095259293,0.8825169255276782,0.9181923522595596,1.4142135623730951,1.4142135623730951,5.385164807134504,1.0,1.0,1.0,0.0,0.0,0.0,0.0,0.0,0.0
BraTS-GLI-01667-000,0.8824839088369834,0.938014328957576,0.9068676692707393,1.4142135623730951,2.23606797749979,3.0,1.0,1.0,1.0,0.0,0.0,0.0,0.0,0.0,0.0
BraTS-GLI-01668-000,0.8648689251107939,0.9326335877862595,0.941240641160882,2.23606797749979,3.0,5.0,1.0,1.0,1.0,0.0,0.0,0.0,0.0,0.0,0.0
BraTS-GLI-01669-000,0.8961870034531888,0.9446612338239831,0.8726378064275945,1.4142135623730951,1.7320508075688772,4.47213595499958,1.0,1.0,1.0,0.0,0.0,0.0,0.0,0.0,0.0
BraTS-GLI-01670-000,0.8205648926237161,0.8716885510251094,0.30502628811777077,3.1622776601683795,5.916079783099616,250.89680525327447,1.0,1.0,1.0,0.0,0.0,2.0,0.0,0.0,0.0
BraTS-GLI-01671-000,0.8407755581668626,0.858957701746788,0.8076996275250808,3.0,2.23606797749979,5.0990195135927845,1.0,1.0,1.0,0.0,0.0,0.0,0.0,0.0,0.0
BraTS-GLI-01672-000,0.8143213988343048,0.8680244656031275,0.8538536112457586,3.0,2.449489742783178,3.7416573867739413,1.0,1.0,1.0,0.0,0.0,0.0,0.0,0.0,0.0
BraTS-GLI-01673-000,0.43793534559742814,0.44980398840974944,0.37618632329554197,188.0,187.70710678118655,190.5,1.0,1.0,1.0,1.0,1.0,1.0,0.0,0.0,0.0
BraTS-GLI-01674-000,0.8111615546451113,0.9080475625569012,0.8955699226090003,3.1622776601683795,4.0,6.164414002968976,1.0,1.0,1.0,0.0,0.0,0.0,0.0,0.0,0.0
BraTS-GLI-01675-000,0.8909690117636289,0.9644369178662151,0.928303467570307,2.23606797749979,1.0,3.7416573867739413,1.0,1.0,1.0,0.0,0.0,0.0,0.0,0.0,0.0
BraTS-GLI-01676-000,0.7470615173255991,0.7632629777524245,0.7761586723335357,4.0,4.123105625617661,3.0,1.0,1.0,1.0,0.0,0.0,0.0,0.0,0.0,0.0
BraTS-GLI-01677-000,0.8065357043105856,0.9384503682190644,0.8503119727556496,1.0,1.0,10.723805294763608,1.0,1.0,1.0,0.0,0.0,0.0,0.0,0.0,0.0
BraTS-GLI-01678-000,0.9397206235983897,0.9431031399299967,0.6028798619241975,1.0,1.0,13.831511529593236,1.0,1.0,2.0,0.0,0.0,0.0,0.0,0.0,0.0
BraTS-GLI-01679-000,0.8904884951396579,0.9510741288954675,0.9335166291241553,1.0,1.0,2.8284271247461903,1.0,1.0,1.0,0.0,0.0,0.0,0.0,0.0,0.0
BraTS-GLI-01680-000,0.8976368741226017,0.9452234243850371,0.9116906954024689,1.0,1.0,2.0,1.0,1.0,1.0,0.0,0.0,0.0,0.0,0.0,0.0
BraTS-GLI-01681-000,0.12100613286443368,0.9450180843938379,0.9260139481346062,281.2905694150421,4.242640687119285,4.58257569495584,1.0,1.0,1.0,3.0,0.0,0.0,0.0,0.0,0.0
BraTS-GLI-01682-000,0.8492890995260663,0.9183768656716418,0.9224901850813236,1.0,1.0,2.449489742783178,1.0,1.0,1.0,0.0,0.0,0.0,0.0,0.0,0.0
BraTS-GLI-01683-000,0.7828157349896481,0.9340795369353349,0.9459655140334343,2.23606797749979,3.0,1.4142135623730951,1.0,1.0,1.0,0.0,0.0,0.0,0.0,0.0,0.0
BraTS-GLI-01684-000,0.8894916853402524,0.9643732221815416,0.9353844719483486,1.0,1.4142135623730951,1.4142135623730951,1.0,1.0,1.0,0.0,0.0,0.0,0.0,0.0,0.0
BraTS-GLI-01685-000,0.4298251694927004,0.9554987493471867,0.9256147387468378,187.70710678118655,1.7320508075688772,5.0990195135927845,1.0,1.0,1.0,1.0,0.0,0.0,0.0,0.0,0.0
BraTS-GLI-01686-000,0.8627222384144564,0.9192361249254029,0.9241702435419713,1.0,1.4142135623730951,3.0,1.0,1.0,1.0,0.0,0.0,0.0,0.0,0.0,0.0
BraTS-GLI-01687-000,0.8936397648316409,0.9393087946052262,0.7551101409009724,1.0,1.0,6.324555320336759,1.0,1.0,1.0,0.0,0.0,0.0,0.0,0.0,0.0
BraTS-GLI-01688-000,0.8184949655537891,0.8503262245593534,0.8596494001232948,1.4142135623730951,2.23606797749979,5.0,1.0,1.0,1.0,0.0,0.0,0.0,0.0,0.0,0.0
BraTS-GLI-01689-000,0.14427087014914822,0.8075492216117216,0.8427835371531442,281.5,4.47213595499958,5.0990195135927845,1.0,1.0,1.0,3.0,0.0,0.0,0.0,0.0,0.0
BraTS-GLI-01690-000,0.898355240520267,0.9621711588266101,0.45239136942455155,1.4142135623730951,1.4142135623730951,190.77491721763536,1.0,1.0,1.0,0.0,0.0,1.0,0.0,0.0,0.0
BraTS-GLI-01691-000,0.4008828250401284,0.8100113122171946,0.6436268356179388,189.5,6.782329983125268,19.519221295943137,1.0,1.0,1.0,1.0,0.0,0.0,0.0,0.0,0.0
BraTS-GLI-01692-000,0.9405011175155864,0.9592196497825831,0.9405297561231722,1.0,1.4142135623730951,2.23606797749979,1.0,1.0,1.0,0.0,0.0,0.0,0.0,0.0,0.0
BraTS-GLI-01693-000,0.8981440056398368,0.955201346560914,0.47153068625845246,2.0,1.7320508075688772,189.0,1.0,1.0,1.0,0.0,0.0,1.0,0.0,0.0,0.0
BraTS-GLI-01694-000,0.8424915062287656,0.8916855009930826,0.9772308903873603,2.23606797749979,3.7416573867739413,1.0,1.0,1.0,1.0,0.0,0.0,0.0,0.0,0.0,0.0
BraTS-GLI-01695-000,0.9323296778877384,0.9497309135358131,0.9555101452470387,1.0,5.0990195135927845,2.8284271247461903,1.0,1.0,1.0,0.0,0.0,0.0,0.0,0.0,0.0
BraTS-GLI-01696-000,0.9174794270039622,0.926353075476766,0.9618869659749669,1.4142135623730951,1.7320508075688772,2.0,1.0,1.0,1.0,0.0,0.0,0.0,0.0,0.0,0.0
BraTS-GLI-01697-000,0.9703553673356656,0.9307436749297214,0.9012400239166038,4.123105625617661,1.0,2.23606797749979,1.0,1.0,1.0,0.0,0.0,0.0,0.0,0.0,0.0
BraTS-GLI-01698-000,0.9504935906880801,0.9620723499719573,0.9395215133531157,1.0,1.0,2.0,1.0,1.0,1.0,0.0,0.0,0.0,0.0,0.0,0.0
BraTS-GLI-01699-000,0.8362956033676333,0.931553492509103,0.9469149789159658,1.7320508075688772,2.23606797749979,10.488088481701515,1.0,1.0,1.0,0.0,0.0,0.0,0.0,0.0,0.0
BraTS-GLI-01700-000,0.9520335542020838,0.9744413220928677,0.9600487920130552,1.0,1.0,1.0,1.0,1.0,1.0,0.0,0.0,0.0,0.0,0.0,0.0
BraTS-GLI-01701-000,0.9543282586954106,0.960510312988657,0.9433098113719637,1.0,1.0,1.4142135623730951,1.0,1.0,1.0,0.0,0.0,0.0,0.0,0.0,0.0
BraTS-GLI-01702-000,0.9324313309968213,0.9199036044673629,0.8900508229979295,1.4142135623730951,2.0,2.23606797749979,1.0,1.0,1.0,0.0,0.0,0.0,0.0,0.0,0.0
BraTS-GLI-01703-000,0.8869471079492731,0.8428216762263505,0.9293404331037327,2.449489742783178,4.58257569495584,3.1622776601683795,1.0,1.0,1.0,0.0,0.0,0.0,0.0,0.0,0.0
BraTS-GLI-01704-000,0.8515996276517565,0.9359329432695659,0.9724547975295418,1.0,1.7320508075688772,1.0,1.0,1.0,1.0,0.0,0.0,0.0,0.0,0.0,0.0
BraTS-GLI-01705-000,0.846659850342475,0.9199111956866476,0.950930088707403,2.8284271247461903,3.7416573867739413,2.8284271247461903,1.0,1.0,1.0,0.0,0.0,0.0,0.0,0.0,0.0
BraTS-GLI-01706-000,0.9032470743365749,0.9513270030168639,0.9514708550639006,1.4142135623730951,1.7320508075688772,1.4142135623730951,1.0,1.0,1.0,0.0,0.0,0.0,0.0,0.0,0.0
BraTS-GLI-01707-000,0.8934652554072711,0.9497033349246402,0.9487369850611136,1.4142135623730951,2.0,3.605551275463989,1.0,1.0,1.0,0.0,0.0,0.0,0.0,0.0,0.0
BraTS-GLI-01708-000,0.20601006089489013,0.23062323793923548,0.9609597036134795,281.0,281.05901699437493,3.4641016151377544,1.0,1.0,1.0,3.0,3.0,0.0,0.0,0.0,0.0
BraTS-GLI-01709-000,0.9213394467829225,0.9553781943325766,0.9612934187227986,1.0,1.4142135623730951,1.4142135623730951,1.0,1.0,1.0,0.0,0.0,0.0,0.0,0.0,0.0
BraTS-GLI-01710-000,0.937380533679945,0.9578569095066971,0.8912367930391547,1.0,1.0,3.605551275463989,1.0,1.0,1.0,0.0,0.0,0.0,0.0,0.0,0.0
BraTS-GLI-01711-000,0.8650923967494155,0.9575509354066155,0.9664746768895796,4.47213595499958,1.4142135623730951,1.4142135623730951,1.0,1.0,1.0,0.0,0.0,0.0,0.0,0.0,0.0
BraTS-GLI-01712-000,0.8770007863206856,0.9657854638834724,0.4420868818038819,3.1622776601683795,1.4142135623730951,200.12440474840668,1.0,1.0,1.0,0.0,0.0,1.0,0.0,0.0,0.0
BraTS-GLI-01713-000,0.9034931912374186,0.887397269244622,0.941072983647511,1.4142135623730951,2.0,1.4142135623730951,1.0,1.0,1.0,0.0,0.0,0.0,0.0,0.0,0.0
BraTS-GLI-01714-000,0.8748092268782977,0.9342398407291786,0.9031185096116308,1.7320508075688772,1.7320508075688772,3.0,1.0,1.0,1.0,0.0,0.0,0.0,0.0,0.0,0.0
BraTS-GLI-01715-000,0.29924898902368574,0.39196027318085847,0.46794549843656336,249.91068360252294,211.51530134426253,189.69258240356726,1.0,1.0,1.0,0.0,0.0,0.0,2.0,1.0,1.0
BraTS-GLI-01716-000,0.8950013451708367,0.9201473784297746,0.9712047531275736,2.0,3.0,1.0,1.0,1.0,1.0,0.0,0.0,0.0,0.0,0.0,0.0
BraTS-GLI-01717-000,0.36122463115605735,0.4164416694791315,0.931424736006167,188.1180339887499,188.0,2.23606797749979,1.0,1.0,1.0,1.0,1.0,0.0,0.0,0.0,0.0
BraTS-GLI-01718-000,0.0,0.9218400162833299,0.9279299014238773,374.0,2.8284271247461903,4.123105625617661,0.0,1.0,1.0,2.0,0.0,0.0,0.0,0.0,0.0
BraTS-GLI-01719-000,0.0,0.8464725159215978,0.6980242685374431,374.0,2.449489742783178,13.379088160259652,0.0,1.0,1.0,2.0,0.0,0.0,0.0,0.0,0.0
BraTS-GLI-01720-000,0.0,0.6548068544873656,0.9300453300594957,374.0,8.48528137423857,8.06225774829855,0.0,1.0,1.0,1.0,0.0,0.0,0.0,0.0,0.0
BraTS-GLI-01721-000,0.18159835570064078,0.7298663224451397,0.9781393703572692,250.43887493011846,5.744562646538029,1.0,1.0,1.0,1.0,2.0,0.0,0.0,0.0,0.0,0.0
BraTS-GLI-01722-000,0.12401215805471125,0.6593954264026529,0.9356921783653662,320.77345908033897,10.04987562112089,2.0,1.0,1.0,1.0,6.0,0.0,0.0,0.0,0.0,0.0
BraTS-GLI-01723-000,0.7791606367583213,0.34313409818841195,0.748952331063384,13.92838827718412,18.384776310850235,9.055385138137417,1.0,1.0,1.0,0.0,0.0,0.0,0.0,0.0,0.0
BraTS-GLI-01724-000,0.0,0.897611760237707,0.9327174131351677,374.0,2.449489742783178,2.0,0.0,1.0,1.0,5.0,0.0,0.0,0.0,0.0,0.0
BraTS-GLI-01725-000,0.056662784894360343,0.8855491329479769,0.9734360936093609,349.21573786516666,5.0990195135927845,1.4142135623730951,1.0,1.0,1.0,14.0,0.0,0.0,0.0,0.0,0.0
BraTS-GLI-01726-000,0.823414490296183,0.9258581075564782,0.3730385961772897,2.0,2.23606797749979,197.31988372027516,1.0,1.0,1.0,0.0,0.0,1.0,0.0,0.0,0.0
BraTS-GLI-01727-000,1.0,0.8799696431343463,0.9137184363686357,0.0,5.656854249492381,5.385164807134504,0.0,1.0,1.0,0.0,0.0,0.0,0.0,0.0,0.0
BraTS-GLI-01728-000,0.1429717365805761,0.8258572108742653,0.9500259894557065,250.91274521844528,10.44030650891055,1.4142135623730951,2.0,1.0,1.0,4.0,0.0,0.0,0.0,0.0,0.0
BraTS-GLI-01729-000,0.0,0.7208611374392458,0.9462016058251796,374.0,12.24744871391589,3.1622776601683795,0.0,1.0,1.0,14.0,0.0,0.0,0.0,0.0,0.0
BraTS-GLI-01730-000,0.6125511596180082,0.7310459324847814,0.8603998445528737,3.0,3.0,3.7416573867739413,1.0,1.0,1.0,0.0,0.0,0.0,0.0,0.0,0.0
BraTS-GLI-01731-000,0.0,0.9516835579314697,0.949260857394859,374.0,2.0,3.3166247903554,0.0,1.0,1.0,1.0,0.0,0.0,0.0,0.0,0.0
BraTS-GLI-01732-000,0.0,0.7285163463385088,0.9382943868844336,374.0,16.0312195418814,3.1622776601683795,0.0,1.0,1.0,4.0,0.0,0.0,0.0,0.0,0.0
BraTS-GLI-01733-000,0.2109687825721953,0.2796782621933223,0.31584973678443157,281.25,252.04134613487864,251.9367498919689,1.0,1.0,1.0,3.0,2.0,2.0,0.0,0.0,0.0
BraTS-GLI-01734-000,0.9357052808516599,0.9476797929376964,0.8929748482220294,1.0,1.0,3.1622776601683795,1.0,1.0,1.0,0.0,0.0,0.0,0.0,0.0,0.0
BraTS-GLI-01735-000,0.023668023910595165,0.5341800251096271,0.9040680718001143,301.9202941017471,9.1104335791443,6.4031242374328485,1.0,1.0,1.0,4.0,0.0,0.0,0.0,0.0,0.0
BraTS-GLI-01736-000,0.0,0.4910230834995725,0.9371306847196487,374.0,20.0,3.0,0.0,1.0,1.0,2.0,0.0,0.0,0.0,0.0,0.0
BraTS-GLI-01737-000,0.0,0.45952551039590933,0.9438852936559159,374.0,11.575836902790225,1.4142135623730951,0.0,1.0,1.0,3.0,0.0,0.0,0.0,0.0,0.0
BraTS-GLI-01738-000,0.0,0.567053685556029,0.9424440298507463,374.0,12.727922061357855,2.0,0.0,1.0,1.0,3.0,0.0,0.0,0.0,0.0,0.0
BraTS-GLI-01739-000,0.23214285714285715,0.8854464249788758,0.4813815005954744,3.0,2.8284271247461903,187.5,1.0,1.0,1.0,0.0,0.0,1.0,0.0,0.0,0.0
BraTS-GLI-01740-000,0.10800563319250352,0.06890198968312454,0.4767444473575789,14.912001002109967,30.14962686336267,188.1180339887499,2.0,1.0,1.0,0.0,0.0,1.0,0.0,0.0,0.0
BraTS-GLI-01741-000,0.0,0.8767985147748956,0.9496957030377118,374.0,2.449489742783178,1.4142135623730951,0.0,1.0,1.0,12.0,0.0,0.0,0.0,0.0,0.0
BraTS-GLI-01742-000,1.0,0.0,0.9167222121230484,0.0,374.0,2.23606797749979,0.0,0.0,1.0,0.0,0.0,0.0,0.0,1.0,0.0
BraTS-GLI-01743-000,1.0,0.0,0.6900358818658571,0.0,374.0,4.123105625617661,0.0,0.0,1.0,0.0,0.0,0.0,0.0,1.0,0.0
BraTS-GLI-01744-000,0.0,0.8796999711510722,0.9709876739309994,374.0,4.358898943540674,1.0,0.0,1.0,1.0,3.0,0.0,0.0,0.0,0.0,0.0
BraTS-GLI-01745-000,0.29603387606608217,0.2715360096664653,0.9458101687587235,250.58055246225797,198.97914855071093,2.23606797749979,1.0,1.0,1.0,2.0,1.0,0.0,0.0,0.0,0.0
BraTS-GLI-01746-000,0.25137984496124033,0.7099510311775623,0.9521357618576914,250.38742588672278,17.08800749063506,3.0,1.0,1.0,1.0,2.0,0.0,0.0,0.0,0.0,0.0
BraTS-GLI-01747-000,0.0,0.3492063492063492,0.9608105524756261,374.0,10.488088481701515,1.0,0.0,1.0,1.0,2.0,0.0,0.0,0.0,0.0,0.0
BraTS-GLI-01748-000,0.14768390043973872,0.7541036670007283,0.4778197151408194,299.6898979485567,9.643650760992955,188.802775637732,1.0,1.0,1.0,4.0,0.0,1.0,0.0,0.0,0.0
BraTS-GLI-01749-000,0.4977964174011942,0.746346567527123,0.9426961708079964,9.486832980505138,15.811388300841896,6.782329983125268,1.0,1.0,1.0,0.0,0.0,0.0,0.0,0.0,0.0
BraTS-GLI-01750-000,0.06215538847117795,0.8166971981993496,0.9298898444049789,321.29985993051326,8.06225774829855,5.0,1.0,1.0,1.0,6.0,0.0,0.0,0.0,0.0,0.0
BraTS-GLI-01751-000,0.7448642790285236,0.5991727916963039,0.8927515546946682,4.0,8.06225774829855,3.0,1.0,1.0,1.0,0.0,0.0,0.0,0.0,0.0,0.0
BraTS-GLI-01752-000,0.1076388888888889,0.3829587624567402,0.774013223234301,252.2713493996258,16.76305461424021,12.041594578792296,2.0,1.0,1.0,4.0,0.0,0.0,0.0,0.0,0.0
BraTS-GLI-01753-000,0.8816680918239821,0.9351058049325324,0.7952261280735784,2.8284271247461903,3.7416573867739413,5.623105625617661,1.0,1.0,2.0,0.0,0.0,0.0,0.0,0.0,0.0
BraTS-GLI-01754-000,0.26408500590318773,0.29530513160034383,0.8468428766154571,19.209372712298546,25.67099530598687,18.411952639521967,1.0,1.0,1.0,0.0,0.0,0.0,0.0,0.0,0.0
BraTS-GLI-01755-000,0.8200435172148982,0.4953500313801563,0.8779769075888122,3.605551275463989,13.0,3.7416573867739413,1.0,1.0,1.0,0.0,0.0,0.0,0.0,0.0,0.0
BraTS-GLI-01756-000,0.9198820889612389,0.6878283712784589,0.4762288174483317,2.8284271247461903,13.0,188.5,1.0,1.0,1.0,0.0,0.0,0.0,0.0,0.0,1.0
BraTS-GLI-01757-000,0.9160725736486741,0.925264066963396,0.9365165491047206,2.0,2.23606797749979,2.23606797749979,1.0,1.0,1.0,0.0,0.0,0.0,0.0,0.0,0.0
BraTS-GLI-01758-000,0.8630959829808534,0.8723043130990416,0.8915820399821166,2.8284271247461903,4.123105625617661,4.123105625617661,1.0,1.0,1.0,0.0,0.0,0.0,0.0,0.0,0.0
BraTS-GLI-01759-000,0.8725254754332447,0.7310841794955781,0.94556445046606,3.0,11.445523142259598,2.23606797749979,1.0,1.0,1.0,0.0,0.0,0.0,0.0,0.0,0.0
BraTS-GLI-01760-000,0.9248153456068791,0.8992858007505145,0.9236370747868902,1.0,5.916079783099616,2.449489742783178,1.0,1.0,1.0,0.0,0.0,0.0,0.0,0.0,0.0
BraTS-GLI-01761-000,0.9187035853046771,0.8339622641509434,0.9123149009228128,2.0,6.324555320336759,3.0,1.0,1.0,1.0,0.0,0.0,0.0,0.0,0.0,0.0
BraTS-GLI-01762-000,0.8332384487509393,0.9200733969219579,0.9284865503704968,2.23606797749979,2.8284271247461903,3.0,1.0,1.0,1.0,0.0,0.0,0.0,0.0,0.0,0.0
BraTS-GLI-01763-000,0.8607961569707887,0.6208858758649759,0.29903754018116335,1.7320508075688772,50.51732376126036,251.248187548846,1.0,1.0,1.0,0.0,0.0,1.0,0.0,0.0,1.0
BraTS-GLI-01764-000,0.7684818983875875,0.36778499278499277,0.8804279285808645,3.0,191.47213595499957,2.9888626821368653,1.0,1.0,2.0,0.0,0.0,0.0,0.0,1.0,0.0
BraTS-GLI-01765-000,0.8448924192866519,0.9424026709799072,0.8967749501583206,2.449489742783178,2.449489742783178,8.366600265340756,1.0,1.0,1.0,0.0,0.0,0.0,0.0,0.0,0.0
BraTS-GLI-01766-000,0.8962944541158916,0.9376374732798414,0.9562518760461342,1.0,2.449489742783178,2.23606797749979,1.0,1.0,1.0,0.0,0.0,0.0,0.0,0.0,0.0
BraTS-GLI-01767-000,0.8605632259478413,0.9178318931657502,0.9396654675468353,1.0,2.8284271247461903,1.7320508075688772,1.0,1.0,1.0,0.0,0.0,0.0,0.0,0.0,0.0
BraTS-GLI-01768-000,0.910845047837939,0.967693270044523,0.9666446591469141,1.0,1.0,1.4142135623730951,1.0,1.0,1.0,0.0,0.0,0.0,0.0,0.0,0.0
BraTS-GLI-01769-000,0.865533230293663,0.9673457159976033,0.9680952491686626,1.0,1.0,1.0,1.0,1.0,1.0,0.0,0.0,0.0,0.0,0.0,0.0
BraTS-GLI-01770-000,0.8898768809849521,0.969006541628008,0.9408207996372157,1.7320508075688772,1.0,1.7320508075688772,1.0,1.0,1.0,0.0,0.0,0.0,0.0,0.0,0.0
BraTS-GLI-01771-000,0.9281914893617021,0.8872889455240522,0.9110269821946946,1.0,5.830951894845301,3.1622776601683795,1.0,1.0,1.0,0.0,0.0,0.0,0.0,0.0,0.0
BraTS-GLI-01772-000,0.42756268806419256,0.7008522993350192,0.28216247470367156,187.70710678118655,31.0322412983658,256.4747617618762,1.0,1.0,1.0,1.0,0.0,2.0,0.0,0.0,0.0
BraTS-GLI-01773-000,0.20533333333333334,0.5409336148252405,0.955573607726329,251.12838826904485,12.68857754044952,2.0,1.0,1.0,1.0,2.0,0.0,0.0,0.0,0.0,0.0
BraTS-GLI-01774-000,1.0,0.8545123501322615,0.9519034688629538,0.0,4.898979485566356,1.4142135623730951,0.0,1.0,1.0,0.0,0.0,0.0,0.0,0.0,0.0
BraTS-GLI-01775-000,0.8169010688278175,0.6923729981952875,0.8862281506745381,1.6441228056353687,1.9142135623730951,4.47213595499958,4.0,4.0,1.0,0.0,0.0,0.0,0.0,0.0,0.0
BraTS-GLI-01776-000,0.43180654338549074,0.745629575471256,0.8950515634183899,9.695359714832659,7.874007874011811,6.4031242374328485,1.0,1.0,1.0,0.0,0.0,0.0,0.0,0.0,0.0
BraTS-GLI-01789-000,0.889241924314636,0.923725812163946,0.4948243919297908,2.0,2.23606797749979,187.5,1.0,1.0,1.0,0.0,0.0,1.0,0.0,0.0,0.0
BraTS-GLI-01790-000,0.81943578013447,0.9046950890447922,0.48984937786509497,2.0,2.23606797749979,187.5,1.0,1.0,1.0,0.0,0.0,1.0,0.0,0.0,0.0
mean,0.7347122390540195,0.8289711198946665,0.8530815618188473,61.936285055386364,25.989855135669853,32.618142959335074,0.9863013698630136,1.0456621004566211,1.0228310502283104,0.6757990867579908,0.1141552511415525,0.1415525114155251,0.0091324200913242,0.0228310502283105,0.0319634703196347
std,0.3155028403756714,0.2265252263466375,0.19172083083072383,119.26920107474193,70.00106372659278,71.25201697440694,0.44391349738800745,0.3286292003994789,0.14970681973610106,1.9180238003993186,0.4500057019081225,0.40981016049232655,0.13514747567989718,0.14970681973610112,0.17630581890206382
25quantile,0.6871869811490827,0.8151165549007797,0.8792024180848383,1.0,1.0,1.4142135623730951,1.0,1.0,1.0,0.0,0.0,0.0,0.0,0.0,0.0
median,0.8842369838420108,0.9306866030763943,0.9354379941871271,1.7320508075688772,2.23606797749979,3.0,1.0,1.0,1.0,0.0,0.0,0.0,0.0,0.0,0.0
75quantile,0.9425833062808118,0.9644050700238784,0.9670435325200579,6.412847401700597,5.916079783099616,6.363839778884804,1.0,1.0,1.0,0.0,0.0,0.0,0.0,0.0,0.0
