block,comparison,region,metric,delta,p_wilcoxon_raw,p_wilcoxon_holm,p_ttest,direction,significant,n_nonzero
S1 in-domain screen,IN + ReLU vs IN + LeakyReLU,ET,Dice,-0.034537635818740364,0.08294484905989785,1.0,0.0036348318526683073,worse,no,203
S1 in-domain screen,IN + ReLU vs IN + LeakyReLU,TC,Dice,-0.01110451900764542,0.794793110419385,1.0,0.136184176490177,worse,no,218
S1 in-domain screen,IN + ReLU vs IN + LeakyReLU,WT,Dice,0.0027778525635290263,0.040727779409502674,0.6923722499615454,0.7687782378904691,better,no,219
S1 in-domain screen,IN + PReLU vs IN + LeakyReLU,ET,Dice,-0.02607017060953598,0.007442225950363479,0.1786134228087235,0.06594321699654329,worse,no,205
S1 in-domain screen,IN + PReLU vs IN + LeakyReLU,TC,Dice,-0.013719258432137504,0.002953302678192715,0.08269247498939603,0.19006000326300732,worse,no,217
S1 in-domain screen,IN + PReLU vs IN + LeakyReLU,WT,Dice,0.025103549310146245,0.639285872347833,1.0,0.03188235567879575,better,no,219
S1 in-domain screen,IN + ELU vs IN + LeakyReLU,ET,Dice,-0.04942879846683734,0.36964693378119273,1.0,0.0009835870133212221,worse,no,206
S1 in-domain screen,IN + ELU vs IN + LeakyReLU,TC,Dice,-0.007545545927326702,0.0008261691673410176,0.02395890585288951,0.26935263728913117,worse,yes,216
S1 in-domain screen,IN + ELU vs IN + LeakyReLU,WT,Dice,0.012676131077231978,0.014117072100408468,0.3105755862089863,0.28216085252578815,better,no,219
S1 in-domain screen,IN + GELU vs IN + LeakyReLU,ET,Dice,-0.010965880045084031,0.0062329942327779,0.15643362883640233,0.2938148581444283,worse,no,201
S1 in-domain screen,IN + GELU vs IN + LeakyReLU,TC,Dice,-0.013920136244002013,0.00601667803216932,0.15643362883640233,0.05211881959339842,worse,no,216
S1 in-domain screen,IN + GELU vs IN + LeakyReLU,WT,Dice,0.01945211971307037,0.1065684888196412,1.0,0.06941391804891732,better,no,219
S1 in-domain screen,IN + Swish vs IN + LeakyReLU,ET,Dice,-0.028421186399703813,0.02597450336318241,0.4935155639004658,0.023830801281832285,worse,no,205
S1 in-domain screen,IN + Swish vs IN + LeakyReLU,TC,Dice,-0.0032208161315612216,0.03718201896312445,0.6692763413362401,0.6924733083851757,worse,no,217
S1 in-domain screen,IN + Swish vs IN + LeakyReLU,WT,Dice,-0.012219774697158847,0.980453706564477,1.0,0.29710217870609745,worse,no,219
S1 in-domain screen,IN + Mish vs IN + LeakyReLU,ET,Dice,-0.05945109264421777,0.8035883881215788,1.0,5.7645529373139814e-05,worse,no,205
S1 in-domain screen,IN + Mish vs IN + LeakyReLU,TC,Dice,-0.018854090161611103,0.004065760887246306,0.10977554395565026,0.02631617260054057,worse,no,216
S1 in-domain screen,IN + Mish vs IN + LeakyReLU,WT,Dice,0.013402922273541451,0.175429705424899,1.0,0.2437475031662908,better,no,219
S1 in-domain screen,IN + ELiSH vs IN + LeakyReLU,ET,Dice,-0.02902189563282198,0.022174675890646478,0.44349351781292956,0.026008957087594237,worse,no,204
S1 in-domain screen,IN + ELiSH vs IN + LeakyReLU,TC,Dice,-0.01520809305162818,1.4176421896383573e-06,4.3946907878789077e-05,0.08054486242362197,worse,yes,217
S1 in-domain screen,IN + ELiSH vs IN + LeakyReLU,WT,Dice,-0.006255530650188135,0.017326500387997434,0.3638565081479461,0.5893464793094667,worse,no,219
S1 in-domain screen,IN + HardELiSH vs IN + LeakyReLU,ET,Dice,-0.03606753798834128,0.061757553074311966,0.9881208491889915,0.005274447207724553,worse,no,204
S1 in-domain screen,IN + HardELiSH vs IN + LeakyReLU,TC,Dice,-0.023575242793580586,3.4040104068822075e-11,1.1233234342711285e-09,0.010328348066040023,worse,yes,216
S1 in-domain screen,IN + HardELiSH vs IN + LeakyReLU,WT,Dice,0.020749323234662054,0.7924660012597384,1.0,0.053959379006701724,better,no,219
S1 in-domain screen,IN + TanhExp vs IN + LeakyReLU,ET,Dice,-0.034483834260987334,0.6263651411874478,1.0,0.004658604291667489,worse,no,204
S1 in-domain screen,IN + TanhExp vs IN + LeakyReLU,TC,Dice,-0.014825729587956027,0.0002538698490339719,0.0076160954710191575,0.08600521894266752,worse,yes,217
S1 in-domain screen,IN + TanhExp vs IN + LeakyReLU,WT,Dice,0.013308618331797195,0.2295301855882963,1.0,0.1962475624279315,better,no,219
S1 in-domain screen,IN + Logish vs IN + LeakyReLU,ET,Dice,-0.05393785830601239,0.39045230231513406,1.0,7.895013528977479e-05,worse,no,204
S1 in-domain screen,IN + Logish vs IN + LeakyReLU,TC,Dice,-0.02697720256033609,0.012284675999807204,0.2825475479955657,0.005172053372135368,worse,no,217
S1 in-domain screen,IN + Logish vs IN + LeakyReLU,WT,Dice,0.011383421840239882,0.6158649357323807,1.0,0.2575636952816317,better,no,219
S1 in-domain screen,IN + Smish vs IN + LeakyReLU,ET,Dice,-0.037346150732286976,0.39686397436912557,1.0,0.004080003143240455,worse,no,203
S1 in-domain screen,IN + Smish vs IN + LeakyReLU,TC,Dice,-0.026012768130928787,1.068060367481749e-06,3.417793175941597e-05,0.006573899377855486,worse,yes,217
S1 in-domain screen,IN + Smish vs IN + LeakyReLU,WT,Dice,-0.013945093704773592,0.30197856282856606,1.0,0.20254321591759072,worse,no,219
S1 in-domain screen,IN + ReLU vs IN + LeakyReLU,ET,HD95,16.007196857105015,0.05063813764076497,0.8608483398930045,0.0010216494904128955,worse,no,85
S1 in-domain screen,IN + ReLU vs IN + LeakyReLU,TC,HD95,0.9664179900901502,0.48954972265904484,1.0,0.8050836518745512,worse,no,98
S1 in-domain screen,IN + ReLU vs IN + LeakyReLU,WT,HD95,-3.450963611348044,0.4577996198505123,1.0,0.39651661511605585,better,no,116
S1 in-domain screen,IN + PReLU vs IN + LeakyReLU,ET,HD95,10.889095661793313,0.00026059355185781286,0.007817806555734386,0.06524139968442494,worse,yes,120
S1 in-domain screen,IN + PReLU vs IN + LeakyReLU,TC,HD95,3.39537293476576,0.007230263890848132,0.17352633338035517,0.43399518638646983,worse,no,125
S1 in-domain screen,IN + PReLU vs IN + LeakyReLU,WT,HD95,-10.817075162345166,0.8715395362154139,1.0,0.023089273952532897,better,no,133
S1 in-domain screen,IN + ELU vs IN + LeakyReLU,ET,HD95,22.525359747523844,2.4809217517685056e-05,0.0007690857430482367,0.00014375476695125306,worse,yes,109
S1 in-domain screen,IN + ELU vs IN + LeakyReLU,TC,HD95,0.023236023951099583,0.0008523510725968464,0.0238658300327117,0.994742913375711,worse,yes,101
S1 in-domain screen,IN + ELU vs IN + LeakyReLU,WT,HD95,-7.514090741683802,0.6718474473185916,1.0,0.1289309673532384,better,no,132
S1 in-domain screen,IN + GELU vs IN + LeakyReLU,ET,HD95,5.47526989184103,0.3890303797726484,1.0,0.20992823998438526,worse,no,87
S1 in-domain screen,IN + GELU vs IN + LeakyReLU,TC,HD95,1.873254370670839,0.0025701433455249667,0.06682372698364913,0.5955378427822422,worse,no,94
S1 in-domain screen,IN + GELU vs IN + LeakyReLU,WT,HD95,-8.324947223180757,0.7330106663542553,1.0,0.06918450652780134,better,no,112
S1 in-domain screen,IN + Swish vs IN + LeakyReLU,ET,HD95,13.68711127084844,0.02056526218949406,0.43187050597937526,0.0059403399231780455,worse,no,90
S1 in-domain screen,IN + Swish vs IN + LeakyReLU,TC,HD95,1.6011434452668603,0.615675549305148,1.0,0.6580500543043495,worse,no,97
S1 in-domain screen,IN + Swish vs IN + LeakyReLU,WT,HD95,3.2365653415276157,0.30263913330914116,1.0,0.5061217630386111,worse,no,129
S1 in-domain screen,IN + Mish vs IN + LeakyReLU,ET,HD95,25.780670112703568,0.0016110324035452095,0.043497874895720656,1.4075214505471796e-05,worse,yes,96
S1 in-domain screen,IN + Mish vs IN + LeakyReLU,TC,HD95,4.475425817447405,0.11389477418220828,1.0,0.25640529053556416,worse,no,104
S1 in-domain screen,IN + Mish vs IN + LeakyReLU,WT,HD95,-6.217271897120952,0.40776416968294504,1.0,0.192598803190133,better,no,126
S1 in-domain screen,IN + ELiSH vs IN + LeakyReLU,ET,HD95,12.789124795659724,0.052415617548681626,0.8608483398930045,0.015342846581908235,worse,no,101
S1 in-domain screen,IN + ELiSH vs IN + LeakyReLU,TC,HD95,2.4454414862977174,1.050120135426269e-05,0.0003360384433364061,0.5451277126817056,worse,yes,102
S1 in-domain screen,IN + ELiSH vs IN + LeakyReLU,WT,HD95,1.268296204976636,0.07833458885889644,1.0,0.7933748333175686,worse,no,122
S1 in-domain screen,IN + HardELiSH vs IN + LeakyReLU,ET,HD95,15.813319678613873,0.0031982253508635594,0.07995563377158899,0.002671088769415665,worse,no,89
S1 in-domain screen,IN + HardELiSH vs IN + LeakyReLU,TC,HD95,6.831657879014532,2.785501065361018e-07,9.19215351569136e-06,0.06586381831326218,worse,yes,118
S1 in-domain screen,IN + HardELiSH vs IN + LeakyReLU,WT,HD95,-8.847104924528793,0.09188763225314567,1.0,0.04695705258384402,better,no,133
S1 in-domain screen,IN + TanhExp vs IN + LeakyReLU,ET,HD95,14.209685299577544,0.041248863281929005,0.7854360719353304,0.0031762816284146393,worse,no,80
S1 in-domain screen,IN + TanhExp vs IN + LeakyReLU,TC,HD95,4.679949616134703,0.16904299333572004,1.0,0.2268439218086904,worse,no,95
S1 in-domain screen,IN + TanhExp vs IN + LeakyReLU,WT,HD95,-5.3798834768076915,0.22258360317790826,1.0,0.21316545147232502,better,no,125
S1 in-domain screen,IN + Logish vs IN + LeakyReLU,ET,HD95,22.389366630457793,0.00856909851014409,0.1970892657333141,5.709869460017465e-05,worse,no,91
S1 in-domain screen,IN + Logish vs IN + LeakyReLU,TC,HD95,6.532248715857563,0.03927180359676652,0.7854360719353304,0.11672322286684511,worse,no,100
S1 in-domain screen,IN + Logish vs IN + LeakyReLU,WT,HD95,-6.655578702639559,0.3088175792573633,1.0,0.11120031172607336,better,no,143
S1 in-domain screen,IN + Smish vs IN + LeakyReLU,ET,HD95,15.715874623756882,0.009023115697719408,0.19850854534982698,0.0036243226356530993,worse,no,88
S1 in-domain screen,IN + Smish vs IN + LeakyReLU,TC,HD95,8.627434209350369,0.00031114927859388075,0.009023329079222542,0.05299197884080124,worse,yes,103
S1 in-domain screen,IN + Smish vs IN + LeakyReLU,WT,HD95,4.344109724891091,0.04086851127299651,0.7854360719353304,0.3417707408715801,worse,no,133
S2 factorial,IN + PReLU vs IN + LeakyReLU,ET,Dice,-0.02607017060953598,0.007442225950363479,0.014884451900726958,0.06594321699654329,worse,yes,205
S2 factorial,IN + PReLU vs IN + LeakyReLU,TC,Dice,-0.013719258432137504,0.002953302678192715,0.008859908034578146,0.19006000326300732,worse,yes,217
S2 factorial,IN + PReLU vs IN + LeakyReLU,WT,Dice,0.025103549310146245,0.639285872347833,0.639285872347833,0.03188235567879575,better,no,219
S2 factorial,IN + PReLU vs IN + LeakyReLU,ET,HD95,10.889095661793313,0.00026059355185781286,0.0007817806555734386,0.06524139968442494,worse,yes,120
S2 factorial,IN + PReLU vs IN + LeakyReLU,TC,HD95,3.39537293476576,0.007230263890848132,0.014460527781696264,0.43399518638646983,worse,yes,125
S2 factorial,IN + PReLU vs IN + LeakyReLU,WT,HD95,-10.817075162345166,0.8715395362154139,0.8715395362154139,0.023089273952532897,better,no,133
S2 factorial,IN + Swish vs IN + LeakyReLU,ET,Dice,-0.028421186399703813,0.02597450336318241,0.07792351008954723,0.023830801281832285,worse,no,205
S2 factorial,IN + Swish vs IN + LeakyReLU,TC,Dice,-0.0032208161315612216,0.03718201896312445,0.07792351008954723,0.6924733083851757,worse,no,217
S2 factorial,IN + Swish vs IN + LeakyReLU,WT,Dice,-0.012219774697158847,0.980453706564477,0.980453706564477,0.29710217870609745,worse,no,219
S2 factorial,IN + Swish vs IN + LeakyReLU,ET,HD95,13.68711127084844,0.02056526218949406,0.06169578656848218,0.0059403399231780455,worse,no,90
S2 factorial,IN + Swish vs IN + LeakyReLU,TC,HD95,1.6011434452668603,0.615675549305148,0.615675549305148,0.6580500543043495,worse,no,97
S2 factorial,IN + Swish vs IN + LeakyReLU,WT,HD95,3.2365653415276157,0.30263913330914116,0.6052782666182823,0.5061217630386111,worse,no,129
S2 factorial,IN + TanhExp vs IN + LeakyReLU,ET,Dice,-0.034483834260987334,0.6263651411874478,0.6263651411874478,0.004658604291667489,worse,no,204
S2 factorial,IN + TanhExp vs IN + LeakyReLU,TC,Dice,-0.014825729587956027,0.0002538698490339719,0.0007616095471019158,0.08600521894266752,worse,yes,217
S2 factorial,IN + TanhExp vs IN + LeakyReLU,WT,Dice,0.013308618331797195,0.2295301855882963,0.4590603711765926,0.1962475624279315,better,no,219
S2 factorial,IN + TanhExp vs IN + LeakyReLU,ET,HD95,14.209685299577544,0.041248863281929005,0.12374658984578701,0.0031762816284146393,worse,no,80
S2 factorial,IN + TanhExp vs IN + LeakyReLU,TC,HD95,4.679949616134703,0.16904299333572004,0.3380859866714401,0.2268439218086904,worse,no,95
S2 factorial,IN + TanhExp vs IN + LeakyReLU,WT,HD95,-5.3798834768076915,0.22258360317790826,0.3380859866714401,0.21316545147232502,better,no,125
S2 factorial,BN + LeakyReLU vs IN + LeakyReLU,ET,Dice,-0.01588323751462406,0.09652145837314619,0.19304291674629237,0.14230419907477332,worse,no,202
S2 factorial,BN + LeakyReLU vs IN + LeakyReLU,TC,Dice,-0.018478124251853245,2.6645352591003757e-13,7.993605777301127e-13,0.011661744343159277,worse,yes,215
S2 factorial,BN + LeakyReLU vs IN + LeakyReLU,WT,Dice,0.025256355728833668,0.26064242838190865,0.26064242838190865,0.009006103338445634,better,no,219
S2 factorial,BN + LeakyReLU vs IN + LeakyReLU,ET,HD95,5.842826619158764,0.02697265558996209,0.05394531117992418,0.1882864879464513,worse,no,92
S2 factorial,BN + LeakyReLU vs IN + LeakyReLU,TC,HD95,2.210280846045098,3.307411100550439e-08,9.922233301651318e-08,0.5049421928795559,worse,yes,111
S2 factorial,BN + LeakyReLU vs IN + LeakyReLU,WT,HD95,-10.380825623959659,0.9731742548878131,0.9731742548878131,0.01189166432919879,better,no,121
S2 factorial,BN + PReLU vs IN + LeakyReLU,ET,Dice,-0.018246692949966836,0.27588406187255554,0.27588406187255554,0.0420260631767227,worse,no,200
S2 factorial,BN + PReLU vs IN + LeakyReLU,TC,Dice,-0.015037403887939282,0.021037595505058793,0.054589338691584555,0.07415285983259644,worse,no,217
S2 factorial,BN + PReLU vs IN + LeakyReLU,WT,Dice,0.017050975721563444,0.018196446230528185,0.054589338691584555,0.05834412249093963,better,no,219
S2 factorial,BN + PReLU vs IN + LeakyReLU,ET,HD95,8.135097811022973,0.0011438704200235073,0.0034316112600705218,0.03508320764134509,worse,yes,80
S2 factorial,BN + PReLU vs IN + LeakyReLU,TC,HD95,3.985142449253356,0.11671699978320849,0.23343399956641697,0.29570612560752896,worse,no,88
S2 factorial,BN + PReLU vs IN + LeakyReLU,WT,HD95,-6.682823664839233,0.3272982760945138,0.3272982760945138,0.0758074902803106,better,no,109
S2 factorial,BN + Swish vs IN + LeakyReLU,ET,Dice,-0.04407019816525182,0.9563934102446241,1.0,0.0017560384507426233,worse,no,205
S2 factorial,BN + Swish vs IN + LeakyReLU,TC,Dice,-0.012116787254721872,2.563898662266695e-07,7.691695986800084e-07,0.12841199583673046,worse,yes,217
S2 factorial,BN + Swish vs IN + LeakyReLU,WT,Dice,0.021339521590778232,0.6950570703272294,1.0,0.02057812232087611,better,no,219
S2 factorial,BN + Swish vs IN + LeakyReLU,ET,HD95,18.951289454860166,0.003867702445270682,0.007735404890541364,0.0007984095749855757,worse,yes,89
S2 factorial,BN + Swish vs IN + LeakyReLU,TC,HD95,3.122647045501054,0.0014903712608322905,0.004471113782496872,0.3895647486743462,worse,yes,103
S2 factorial,BN + Swish vs IN + LeakyReLU,WT,HD95,-9.669427370049654,0.9226528929829176,0.9226528929829176,0.008153415006106387,better,no,122
S2 factorial,BN + TanhExp vs IN + LeakyReLU,ET,Dice,-0.0402370430623028,0.2042058810284697,0.4084117620569394,0.0009492554671150147,worse,no,203
S2 factorial,BN + TanhExp vs IN + LeakyReLU,TC,Dice,-0.02045580938585989,0.0004254616405465761,0.0012763849216397283,0.006253885774726707,worse,yes,215
S2 factorial,BN + TanhExp vs IN + LeakyReLU,WT,Dice,0.00028564738700365133,0.7299952896249362,0.7299952896249362,0.9760263353677249,better,no,219
S2 factorial,BN + TanhExp vs IN + LeakyReLU,ET,HD95,19.398756067941,0.0016095291515871857,0.004828587454761557,0.0001152855627471395,worse,yes,88
S2 factorial,BN + TanhExp vs IN + LeakyReLU,TC,HD95,7.15288104710103,0.002662522024789782,0.005325044049579564,0.028214503795008884,worse,yes,92
S2 factorial,BN + TanhExp vs IN + LeakyReLU,WT,HD95,-0.028675412495289265,0.01145529748741847,0.01145529748741847,0.9943264227397602,better,yes,115
S2 factorial,GN + LeakyReLU vs IN + LeakyReLU,ET,Dice,-0.02600547480548543,0.2290770561393618,0.4581541122787236,0.02380081935589734,worse,no,202
S2 factorial,GN + LeakyReLU vs IN + LeakyReLU,TC,Dice,-0.021925249060402385,5.2179231380122815e-08,1.5653769414036844e-07,0.022986206460009838,worse,yes,216
S2 factorial,GN + LeakyReLU vs IN + LeakyReLU,WT,Dice,0.028495694856554232,0.47673231209923816,0.47673231209923816,0.0031849077634298643,better,no,219
S2 factorial,GN + LeakyReLU vs IN + LeakyReLU,ET,HD95,12.49389337974683,0.03572321880275142,0.07144643760550284,0.00903960365659452,worse,no,93
S2 factorial,GN + LeakyReLU vs IN + LeakyReLU,TC,HD95,7.3818722621258175,0.0005180584497095353,0.0015541753491286059,0.07384641418376423,worse,yes,99
S2 factorial,GN + LeakyReLU vs IN + LeakyReLU,WT,HD95,-11.38919228293678,0.6523869427044091,0.6523869427044091,0.0034373101492123016,better,no,116
S2 factorial,GN + PReLU vs IN + LeakyReLU,ET,Dice,-0.0043941386533989935,0.3505978988892422,0.7011957977784844,0.5220459441328318,worse,no,200
S2 factorial,GN + PReLU vs IN + LeakyReLU,TC,Dice,-0.005727577312864551,2.3067769028273233e-08,6.92033070848197e-08,0.3386749522313325,worse,yes,216
S2 factorial,GN + PReLU vs IN + LeakyReLU,WT,Dice,0.002150206232612528,0.7356079308590964,0.7356079308590964,0.8284962027219668,better,no,219
S2 factorial,GN + PReLU vs IN + LeakyReLU,ET,HD95,2.1759227304708304,0.15182007819925092,0.15182007819925092,0.4428677856977048,worse,no,74
S2 factorial,GN + PReLU vs IN + LeakyReLU,TC,HD95,-1.5002753767023584,0.0003264775637303874,0.0009794326911911622,0.6151617636634783,better,yes,98
S2 factorial,GN + PReLU vs IN + LeakyReLU,WT,HD95,-2.95626910305176,0.04499692529077226,0.08999385058154452,0.48153042242291266,better,no,121
S2 factorial,GN + Swish vs IN + LeakyReLU,ET,Dice,-0.040593495875662855,0.21803512731364316,0.21803512731364316,0.0027808946674060323,worse,no,205
S2 factorial,GN + Swish vs IN + LeakyReLU,TC,Dice,-0.001636861411383972,3.873731113657186e-09,1.1621193340971558e-08,0.81850510009682,worse,yes,217
S2 factorial,GN + Swish vs IN + LeakyReLU,WT,Dice,-0.0019486471732930166,0.07881293130004785,0.1576258626000957,0.8306293853934781,worse,no,219
S2 factorial,GN + Swish vs IN + LeakyReLU,ET,HD95,17.833187491377863,0.0001808791192807746,0.0005426373578423238,0.0009896321470498934,worse,yes,92
S2 factorial,GN + Swish vs IN + LeakyReLU,TC,HD95,-2.661581449166011,0.0006896839016858891,0.0013793678033717782,0.42696185052347757,better,yes,103
S2 factorial,GN + Swish vs IN + LeakyReLU,WT,HD95,-1.0644028768689253,0.05882285614959226,0.05882285614959226,0.785333607588263,better,no,119
S2 factorial,GN + TanhExp vs IN + LeakyReLU,ET,Dice,-0.018109228469826877,0.9207396654130775,0.9207396654130775,0.19397529572118832,worse,no,204
S2 factorial,GN + TanhExp vs IN + LeakyReLU,TC,Dice,-0.013856022273432633,4.0429748437986746e-10,1.2128924531396024e-09,0.0884239927979854,worse,yes,217
S2 factorial,GN + TanhExp vs IN + LeakyReLU,WT,Dice,0.01238610919258576,0.09915520854872284,0.19831041709744568,0.22429508141751775,better,no,219
S2 factorial,GN + TanhExp vs IN + LeakyReLU,ET,HD95,7.158392493703538,0.024772639617670844,0.04954527923534169,0.21812373614135228,worse,yes,88
S2 factorial,GN + TanhExp vs IN + LeakyReLU,TC,HD95,0.36256996772098304,4.660985398086126e-06,1.3982956194258378e-05,0.9249416599408395,worse,yes,110
S2 factorial,GN + TanhExp vs IN + LeakyReLU,WT,HD95,-6.022613494744995,0.28073936877730654,0.28073936877730654,0.14115085650846404,better,no,115
S3 batch size,"BN + LeakyReLU, batch 8 vs batch 2",ET,Dice,-0.010133002360215526,0.4371212608567294,0.7632363732904932,0.49885492272776033,worse,no,204
S3 batch size,"BN + LeakyReLU, batch 8 vs batch 2",TC,Dice,-0.008059420070939738,0.3816181866452466,0.7632363732904932,0.3466711686084789,worse,no,215
S3 batch size,"BN + LeakyReLU, batch 8 vs batch 2",WT,Dice,-0.005839569893025476,0.001262255745255958,0.003786767235767874,0.5752512212991591,worse,yes,219
S3 batch size,"BN + LeakyReLU, batch 8 vs batch 2",ET,HD95,7.263271088216861,0.2717880656426215,0.543576131285243,0.2394698239252009,worse,no,108
S3 batch size,"BN + LeakyReLU, batch 8 vs batch 2",TC,HD95,3.889189422472306,0.39323361653578726,0.543576131285243,0.3417480885773718,worse,no,113
S3 batch size,"BN + LeakyReLU, batch 8 vs batch 2",WT,HD95,1.3868238796025452,0.09544713209149158,0.28634139627447475,0.7520416276463617,worse,no,138
S3 batch size,"GN + LeakyReLU, batch 8 vs batch 2",ET,Dice,-0.014952120109958944,3.9527282336138114e-06,3.9527282336138114e-06,0.3103468886333236,worse,yes,203
S3 batch size,"GN + LeakyReLU, batch 8 vs batch 2",TC,Dice,-0.031360538704448326,3.2514435588382185e-11,9.754330676514655e-11,0.0013919435097449356,worse,yes,215
S3 batch size,"GN + LeakyReLU, batch 8 vs batch 2",WT,Dice,0.002828523881766465,3.4526200121121065e-08,6.905240024224213e-08,0.8058234486491016,better,yes,219
S3 batch size,"GN + LeakyReLU, batch 8 vs batch 2",ET,HD95,6.431985287369457,0.011781802544407416,0.011781802544407416,0.2879187977817864,worse,yes,112
S3 batch size,"GN + LeakyReLU, batch 8 vs batch 2",TC,HD95,8.256366116797178,2.5030781172219463e-06,7.509234351665839e-06,0.054912632287927234,worse,yes,128
S3 batch size,"GN + LeakyReLU, batch 8 vs batch 2",WT,HD95,-1.9883465400944011,0.0002780635374639573,0.0005561270749279146,0.6746068301908958,better,yes,147
S3 batch size,"BN + LeakyReLU, batch 8 vs IN + LeakyReLU",ET,Dice,-0.026016239874839586,0.038873041468152625,0.07774608293630525,0.022402390012628923,worse,no,201
S3 batch size,"BN + LeakyReLU, batch 8 vs IN + LeakyReLU",TC,Dice,-0.026537544322792983,7.747344425101943e-06,2.324203327530583e-05,0.00915971226062121,worse,yes,215
S3 batch size,"BN + LeakyReLU, batch 8 vs IN + LeakyReLU",WT,Dice,0.019416785835808192,0.10025122217652593,0.10025122217652593,0.12111141368816569,better,no,219
S3 batch size,"BN + LeakyReLU, batch 8 vs IN + LeakyReLU",ET,HD95,13.106097707375625,0.0035764492255156988,0.009168646788970225,0.009460579476499314,worse,yes,94
S3 batch size,"BN + LeakyReLU, batch 8 vs IN + LeakyReLU",TC,HD95,6.099470268517404,0.0030562155963234083,0.009168646788970225,0.1847702262095965,worse,yes,117
S3 batch size,"BN + LeakyReLU, batch 8 vs IN + LeakyReLU",WT,HD95,-8.994001744357114,0.6450100667621768,0.6450100667621768,0.09025658638243417,better,no,144
S3 batch size,"BN + LeakyReLU, batch 8 vs GN + LeakyReLU, batch 8",ET,Dice,0.014941355040604787,0.011910137949124433,0.01598427555180848,0.32721741266193216,better,yes,204
S3 batch size,"BN + LeakyReLU, batch 8 vs GN + LeakyReLU, batch 8",TC,Dice,0.02674824344205773,1.2146021739489754e-06,3.6438065218469262e-06,0.017219356049326787,better,yes,216
S3 batch size,"BN + LeakyReLU, batch 8 vs GN + LeakyReLU, batch 8",WT,Dice,-0.011907432902512505,0.00799213777590424,0.01598427555180848,0.2942772090502461,worse,yes,219
S3 batch size,"BN + LeakyReLU, batch 8 vs GN + LeakyReLU, batch 8",ET,HD95,-5.819780959740662,0.16693754416755757,0.16693754416755757,0.3522411038541825,better,no,102
S3 batch size,"BN + LeakyReLU, batch 8 vs GN + LeakyReLU, batch 8",TC,HD95,-9.538768110405591,0.006162140689510487,0.01848642206853146,0.040007906143084214,better,yes,122
S3 batch size,"BN + LeakyReLU, batch 8 vs GN + LeakyReLU, batch 8",WT,HD95,4.383537078674067,0.03311361901872534,0.06622723803745068,0.3530940548691185,worse,no,138
"S4 Arm A normalisation (residual U-Net, BraTS 2020)","BN vs IN, LeakyReLU",ET,Dice,-0.0022337568174726,0.0364546146775803,0.1400157888122937,,worse,no,73
"S4 Arm A normalisation (residual U-Net, BraTS 2020)","BN vs IN, PReLU",ET,Dice,-0.0089401205333344,0.284945931663136,0.569891863326272,,worse,no,73
"S4 Arm A normalisation (residual U-Net, BraTS 2020)","BN vs IN, ReLU",ET,Dice,-0.0091450501557507,0.0190420042658572,0.0952100213292861,,worse,no,73
"S4 Arm A normalisation (residual U-Net, BraTS 2020)","BN vs IN, Swish",ET,Dice,-0.0130116727116449,0.0350039472030734,0.1400157888122937,,worse,no,73
"S4 Arm A normalisation (residual U-Net, BraTS 2020)","BN vs IN, TanhExp",ET,Dice,-0.0040688016241301,0.3130698272740866,0.569891863326272,,worse,no,73
"S4 Arm A normalisation (residual U-Net, BraTS 2020)","GN vs IN, LeakyReLU",ET,Dice,-0.0045385120349078,0.2632456769306106,0.8441845691760292,,worse,no,73
"S4 Arm A normalisation (residual U-Net, BraTS 2020)","GN vs IN, PReLU",ET,Dice,-0.0019370231635525,0.302638486066062,0.8441845691760292,,worse,no,73
"S4 Arm A normalisation (residual U-Net, BraTS 2020)","GN vs IN, ReLU",ET,Dice,-0.0016215043194925,0.6902079983494129,0.8441845691760292,,worse,no,73
"S4 Arm A normalisation (residual U-Net, BraTS 2020)","GN vs IN, Swish",ET,Dice,-0.0068219522262535,0.0296838578406162,0.1484192892030811,,worse,no,73
"S4 Arm A normalisation (residual U-Net, BraTS 2020)","GN vs IN, TanhExp",ET,Dice,0.0047789321617982,0.2110461422940073,0.8441845691760292,,better,no,73
"S4 Arm A normalisation (residual U-Net, BraTS 2020)","BN vs IN, LeakyReLU",TC,Dice,-0.0065660532130261,0.0265368471820521,0.0530736943641043,,worse,no,73
"S4 Arm A normalisation (residual U-Net, BraTS 2020)","BN vs IN, PReLU",TC,Dice,-0.0164920371633104,8.147661067159362e-06,4.073830533579681e-05,,worse,yes,73
"S4 Arm A normalisation (residual U-Net, BraTS 2020)","BN vs IN, ReLU",TC,Dice,-0.0155764072426458,0.0001832261694709,0.0007329046778838,,worse,yes,73
"S4 Arm A normalisation (residual U-Net, BraTS 2020)","BN vs IN, Swish",TC,Dice,-0.0193218106173498,0.0003137819754222,0.0009413459262666,,worse,yes,73
"S4 Arm A normalisation (residual U-Net, BraTS 2020)","BN vs IN, TanhExp",TC,Dice,-0.0150188318222674,0.0276814753848526,0.0530736943641043,,worse,no,73
"S4 Arm A normalisation (residual U-Net, BraTS 2020)","GN vs IN, LeakyReLU",TC,Dice,-0.0057876756776792,0.0207929913054565,0.0623789739163695,,worse,no,73
"S4 Arm A normalisation (residual U-Net, BraTS 2020)","GN vs IN, PReLU",TC,Dice,-0.0063492436388177,0.0433469053920814,0.0866938107841628,,worse,no,73
"S4 Arm A normalisation (residual U-Net, BraTS 2020)","GN vs IN, ReLU",TC,Dice,-0.0118355067054084,0.0090916012323645,0.0454580061618226,,worse,yes,73
"S4 Arm A normalisation (residual U-Net, BraTS 2020)","GN vs IN, Swish",TC,Dice,-0.0075105269023373,0.0103291867269224,0.0454580061618226,,worse,yes,73
"S4 Arm A normalisation (residual U-Net, BraTS 2020)","GN vs IN, TanhExp",TC,Dice,0.0027015167507127,0.1139815709076055,0.1139815709076055,,better,no,73
"S4 Arm A normalisation (residual U-Net, BraTS 2020)","BN vs IN, LeakyReLU",WT,Dice,-0.0073650652792078,0.0071226734724139,0.0284906938896556,,worse,yes,73
"S4 Arm A normalisation (residual U-Net, BraTS 2020)","BN vs IN, PReLU",WT,Dice,-0.005524089102979,0.0450851484071397,0.1352554452214192,,worse,no,73
"S4 Arm A normalisation (residual U-Net, BraTS 2020)","BN vs IN, ReLU",WT,Dice,-0.0051493403686286,0.2233347055312839,0.4466694110625679,,worse,no,73
"S4 Arm A normalisation (residual U-Net, BraTS 2020)","BN vs IN, Swish",WT,Dice,-0.0076089683230373,0.0056398088645142,0.028199044322571,,worse,yes,73
"S4 Arm A normalisation (residual U-Net, BraTS 2020)","BN vs IN, TanhExp",WT,Dice,-0.0014565480069184,0.8452651568962088,0.8452651568962088,,worse,no,73
"S4 Arm A normalisation (residual U-Net, BraTS 2020)","GN vs IN, LeakyReLU",WT,Dice,-0.0029931356687936,0.654116523261359,1.0,,worse,no,73
"S4 Arm A normalisation (residual U-Net, BraTS 2020)","GN vs IN, PReLU",WT,Dice,-0.0053717847514688,0.0005066718084347,0.0025333590421738,,worse,yes,73
"S4 Arm A normalisation (residual U-Net, BraTS 2020)","GN vs IN, ReLU",WT,Dice,0.0010190985437,0.9583479929435526,1.0,,better,no,73
"S4 Arm A normalisation (residual U-Net, BraTS 2020)","GN vs IN, Swish",WT,Dice,-0.0057663761842735,0.007858995582024,0.0314359823280963,,worse,yes,73
"S4 Arm A normalisation (residual U-Net, BraTS 2020)","GN vs IN, TanhExp",WT,Dice,0.0003530877929367,0.3052243926927565,0.9156731780782694,,better,no,73
"S4 Arm A normalisation (residual U-Net, BraTS 2020)","BN vs IN, LeakyReLU",NCR,Dice,-0.015051867361669,0.0217199674877694,0.0868798699510779,,worse,no,73
"S4 Arm A normalisation (residual U-Net, BraTS 2020)","BN vs IN, PReLU",NCR,Dice,0.00390678160237,0.5619199046737784,1.0,,better,no,73
"S4 Arm A normalisation (residual U-Net, BraTS 2020)","BN vs IN, ReLU",NCR,Dice,-0.0273727806338932,0.0002762247189409,0.0013811235947047,,worse,yes,73
"S4 Arm A normalisation (residual U-Net, BraTS 2020)","BN vs IN, Swish",NCR,Dice,-0.0010281036356744,0.6226972423562152,1.0,,worse,no,73
"S4 Arm A normalisation (residual U-Net, BraTS 2020)","BN vs IN, TanhExp",NCR,Dice,-0.0119794376688734,0.0384682817763695,0.1154048453291085,,worse,no,73
"S4 Arm A normalisation (residual U-Net, BraTS 2020)","GN vs IN, LeakyReLU",NCR,Dice,0.0040114310920066,0.4563207845499977,0.6762947477817878,,better,no,73
"S4 Arm A normalisation (residual U-Net, BraTS 2020)","GN vs IN, PReLU",NCR,Dice,0.0030005715506412,0.2254315825939292,0.6762947477817878,,better,no,73
"S4 Arm A normalisation (residual U-Net, BraTS 2020)","GN vs IN, ReLU",NCR,Dice,-0.0054614966792011,0.3237351512599662,0.6762947477817878,,worse,no,73
"S4 Arm A normalisation (residual U-Net, BraTS 2020)","GN vs IN, Swish",NCR,Dice,0.0120596620844721,0.1102567858401819,0.4410271433607278,,better,no,73
"S4 Arm A normalisation (residual U-Net, BraTS 2020)","GN vs IN, TanhExp",NCR,Dice,0.0079373789445799,0.0305190128639636,0.1525950643198181,,better,no,73
"S4 Arm A normalisation (residual U-Net, BraTS 2020)","BN vs IN, LeakyReLU",ED,Dice,-0.0129727716449317,5.78379832740783e-05,0.0002891899163703,,worse,yes,73
"S4 Arm A normalisation (residual U-Net, BraTS 2020)","BN vs IN, PReLU",ED,Dice,-0.0126056496418428,8.182230917630484e-05,0.0003272892367052,,worse,yes,73
"S4 Arm A normalisation (residual U-Net, BraTS 2020)","BN vs IN, ReLU",ED,Dice,-0.0121969295098969,0.0012871968483212,0.0038615905449637,,worse,yes,73
"S4 Arm A normalisation (residual U-Net, BraTS 2020)","BN vs IN, Swish",ED,Dice,-0.0097563602512028,0.0023431231801618,0.0046862463603236,,worse,yes,73
"S4 Arm A normalisation (residual U-Net, BraTS 2020)","BN vs IN, TanhExp",ED,Dice,-0.010627973840678,0.0110024920860751,0.0110024920860751,,worse,yes,73
"S4 Arm A normalisation (residual U-Net, BraTS 2020)","GN vs IN, LeakyReLU",ED,Dice,-0.0090783114167948,0.2031301198285795,0.4062602396571591,,worse,no,73
"S4 Arm A normalisation (residual U-Net, BraTS 2020)","GN vs IN, PReLU",ED,Dice,-0.0129947720225277,4.977821800089544e-06,2.488910900044772e-05,,worse,yes,73
"S4 Arm A normalisation (residual U-Net, BraTS 2020)","GN vs IN, ReLU",ED,Dice,-0.0018612866260813,0.1204089024004906,0.3612267072014719,,worse,no,73
"S4 Arm A normalisation (residual U-Net, BraTS 2020)","GN vs IN, Swish",ED,Dice,-0.0054663564014412,0.031374270474024,0.1254970818960963,,worse,no,73
"S4 Arm A normalisation (residual U-Net, BraTS 2020)","GN vs IN, TanhExp",ED,Dice,-0.0002688070140222,0.3346344348041263,0.4062602396571591,,worse,no,73
"S4 Arm A normalisation (residual U-Net, BraTS 2020)","BN vs IN, LeakyReLU",ET,HD95,0.4665919671606664,0.2220848436590627,0.6662545309771883,,worse,no,18
"S4 Arm A normalisation (residual U-Net, BraTS 2020)","BN vs IN, PReLU",ET,HD95,0.2882986532252976,0.0713357179035387,0.285342871614155,,worse,no,25
"S4 Arm A normalisation (residual U-Net, BraTS 2020)","BN vs IN, ReLU",ET,HD95,-0.2381543382228736,0.5457624718626393,1.0,,better,no,19
"S4 Arm A normalisation (residual U-Net, BraTS 2020)","BN vs IN, Swish",ET,HD95,0.7473565866861107,0.0469525270963626,0.2347626354818133,,worse,no,24
"S4 Arm A normalisation (residual U-Net, BraTS 2020)","BN vs IN, TanhExp",ET,HD95,-0.0828148877901431,0.9878589334748632,1.0,,better,no,23
"S4 Arm A normalisation (residual U-Net, BraTS 2020)","GN vs IN, LeakyReLU",ET,HD95,0.5662553030794957,0.0424386663042271,0.2121933315211355,,worse,no,24
"S4 Arm A normalisation (residual U-Net, BraTS 2020)","GN vs IN, PReLU",ET,HD95,0.0950892686529569,0.909489715013144,1.0,,worse,no,22
"S4 Arm A normalisation (residual U-Net, BraTS 2020)","GN vs IN, ReLU",ET,HD95,-0.0885279255489432,0.6011202499200776,1.0,,better,no,18
"S4 Arm A normalisation (residual U-Net, BraTS 2020)","GN vs IN, Swish",ET,HD95,0.5212497960583904,0.0692489545414176,0.2121933315211355,,worse,no,25
"S4 Arm A normalisation (residual U-Net, BraTS 2020)","GN vs IN, TanhExp",ET,HD95,-0.0213328481060335,0.0525122500680819,0.2121933315211355,,better,no,18
"S4 Arm A normalisation (residual U-Net, BraTS 2020)","BN vs IN, LeakyReLU",TC,HD95,0.8345193128039976,0.1327287917286508,0.2654575834573016,,worse,no,29
"S4 Arm A normalisation (residual U-Net, BraTS 2020)","BN vs IN, PReLU",TC,HD95,0.658586085645223,0.0063938890943604,0.0319694454718022,,worse,yes,31
"S4 Arm A normalisation (residual U-Net, BraTS 2020)","BN vs IN, ReLU",TC,HD95,0.313436597368192,0.0411099214078445,0.1644396856313781,,worse,no,27
"S4 Arm A normalisation (residual U-Net, BraTS 2020)","BN vs IN, Swish",TC,HD95,0.919649824452364,0.043512642189055,0.1644396856313781,,worse,no,27
"S4 Arm A normalisation (residual U-Net, BraTS 2020)","BN vs IN, TanhExp",TC,HD95,0.4557857550433195,0.281869065311759,0.281869065311759,,worse,no,32
"S4 Arm A normalisation (residual U-Net, BraTS 2020)","GN vs IN, LeakyReLU",TC,HD95,0.5946226779268105,0.0604329926378706,0.1812989779136118,,worse,no,33
"S4 Arm A normalisation (residual U-Net, BraTS 2020)","GN vs IN, PReLU",TC,HD95,0.3056978979111342,0.0348805598289945,0.1647501283559882,,worse,no,29
"S4 Arm A normalisation (residual U-Net, BraTS 2020)","GN vs IN, ReLU",TC,HD95,0.107595645557609,0.1862651530862387,0.3725303061724774,,worse,no,27
"S4 Arm A normalisation (residual U-Net, BraTS 2020)","GN vs IN, Swish",TC,HD95,0.5140302318069605,0.0329500256711976,0.1647501283559882,,worse,no,29
"S4 Arm A normalisation (residual U-Net, BraTS 2020)","GN vs IN, TanhExp",TC,HD95,0.4707885843715602,0.4589800473958161,0.4589800473958161,,worse,no,28
"S4 Arm A normalisation (residual U-Net, BraTS 2020)","BN vs IN, LeakyReLU",WT,HD95,0.0035640761905706,0.6873277241147189,1.0,,worse,no,33
"S4 Arm A normalisation (residual U-Net, BraTS 2020)","BN vs IN, PReLU",WT,HD95,-0.9377139349124572,0.3537490044983156,1.0,,better,no,32
"S4 Arm A normalisation (residual U-Net, BraTS 2020)","BN vs IN, ReLU",WT,HD95,-0.7720263951573951,0.8296094648806833,1.0,,better,no,32
"S4 Arm A normalisation (residual U-Net, BraTS 2020)","BN vs IN, Swish",WT,HD95,0.0264374342687307,0.2889792660307835,1.0,,worse,no,30
"S4 Arm A normalisation (residual U-Net, BraTS 2020)","BN vs IN, TanhExp",WT,HD95,-0.0538263817066553,0.778500036262399,1.0,,better,no,29
"S4 Arm A normalisation (residual U-Net, BraTS 2020)","GN vs IN, LeakyReLU",WT,HD95,-0.9577450311588708,0.0924444882335151,0.4622224411675757,,better,no,36
"S4 Arm A normalisation (residual U-Net, BraTS 2020)","GN vs IN, PReLU",WT,HD95,-0.8455024860209432,0.1336610835352361,0.5346443341409444,,better,no,31
"S4 Arm A normalisation (residual U-Net, BraTS 2020)","GN vs IN, ReLU",WT,HD95,-0.3835787741364305,0.3140858276073457,0.9422574828220373,,better,no,29
"S4 Arm A normalisation (residual U-Net, BraTS 2020)","GN vs IN, Swish",WT,HD95,0.9466463073988768,0.4870401763585343,0.9740803527170688,,worse,no,28
"S4 Arm A normalisation (residual U-Net, BraTS 2020)","GN vs IN, TanhExp",WT,HD95,0.2105211447416977,0.8854483408202136,0.9740803527170688,,worse,no,30
"S4 Arm A normalisation (residual U-Net, BraTS 2020)","BN vs IN, LeakyReLU",NCR,HD95,0.8629610520680773,0.5738883262130674,1.0,,worse,no,59
"S4 Arm A normalisation (residual U-Net, BraTS 2020)","BN vs IN, PReLU",NCR,HD95,-0.2675500888768169,0.6587884759754559,1.0,,better,no,59
"S4 Arm A normalisation (residual U-Net, BraTS 2020)","BN vs IN, ReLU",NCR,HD95,1.4872375972562368,0.0018682514499084,0.0093412572495421,,worse,yes,60
"S4 Arm A normalisation (residual U-Net, BraTS 2020)","BN vs IN, Swish",NCR,HD95,0.7236847518465073,0.801325548033113,1.0,,worse,no,58
"S4 Arm A normalisation (residual U-Net, BraTS 2020)","BN vs IN, TanhExp",NCR,HD95,0.3200831606901477,0.1584348016011945,0.633739206404778,,worse,no,63
"S4 Arm A normalisation (residual U-Net, BraTS 2020)","GN vs IN, LeakyReLU",NCR,HD95,0.3207273086406683,0.0538699589135935,0.2154798356543743,,worse,no,58
"S4 Arm A normalisation (residual U-Net, BraTS 2020)","GN vs IN, PReLU",NCR,HD95,-0.0795171787518906,0.2797588717502068,0.8392323057053004,,better,no,55
"S4 Arm A normalisation (residual U-Net, BraTS 2020)","GN vs IN, ReLU",NCR,HD95,0.3187208070788552,0.2797441019017668,0.8392323057053004,,worse,no,55
"S4 Arm A normalisation (residual U-Net, BraTS 2020)","GN vs IN, Swish",NCR,HD95,-0.3671632120768322,0.0356862705669693,0.1784313528348469,,better,no,56
"S4 Arm A normalisation (residual U-Net, BraTS 2020)","GN vs IN, TanhExp",NCR,HD95,0.1159380558595302,0.5645781010001711,0.8392323057053004,,worse,no,57
"S4 Arm A normalisation (residual U-Net, BraTS 2020)","BN vs IN, LeakyReLU",ED,HD95,0.2641985739597681,0.2318122362693579,0.8688247187272777,,worse,no,43
"S4 Arm A normalisation (residual U-Net, BraTS 2020)","BN vs IN, PReLU",ED,HD95,-0.1150249003650154,0.0304029986319207,0.1520149931596037,,better,no,48
"S4 Arm A normalisation (residual U-Net, BraTS 2020)","BN vs IN, ReLU",ED,HD95,-0.3789907615839567,0.2172061796818194,0.8688247187272777,,better,no,49
"S4 Arm A normalisation (residual U-Net, BraTS 2020)","BN vs IN, Swish",ED,HD95,-1.066003970266757,0.8016483327847719,0.8688247187272777,,better,no,39
"S4 Arm A normalisation (residual U-Net, BraTS 2020)","BN vs IN, TanhExp",ED,HD95,0.5427953019101843,0.3682238329302403,0.8688247187272777,,worse,no,43
"S4 Arm A normalisation (residual U-Net, BraTS 2020)","GN vs IN, LeakyReLU",ED,HD95,-0.9932955059725396,0.5125340309835549,1.0,,better,no,45
"S4 Arm A normalisation (residual U-Net, BraTS 2020)","GN vs IN, PReLU",ED,HD95,0.0449726182879928,0.0688275791989301,0.3441378959946506,,worse,no,46
"S4 Arm A normalisation (residual U-Net, BraTS 2020)","GN vs IN, ReLU",ED,HD95,-0.2397524451120887,0.962405344986142,1.0,,better,no,36
"S4 Arm A normalisation (residual U-Net, BraTS 2020)","GN vs IN, Swish",ED,HD95,-0.1170257395135259,0.820965031494844,1.0,,better,no,37
"S4 Arm A normalisation (residual U-Net, BraTS 2020)","GN vs IN, TanhExp",ED,HD95,0.3324119127119704,0.8732287984422356,1.0,,worse,no,38
